"","Participant","group","ID","trust","team","similar","ties","common","close","attention","time","score"
"1",1,"S","9",60,81,53,49,55,48,81,"Pre_Experiment",57.6666666666667
"2",2,"S","6",45,11,46,2,1,5,99,"Pre_Experiment",18.3333333333333
"3",3,"S","4",55,46,35,12,28,28,100,"Pre_Experiment",34
"4",4,"S","5",48,36,0,13,14,17,57,"Pre_Experiment",21.3333333333333
"5",5,"S","3",29,34,26,13,56,29,54,"Pre_Experiment",31.1666666666667
"6",6,"S","8",90,51,50,41,38,11,85,"Pre_Experiment",46.8333333333333
"7",7,"S","7",18,9,3,2,1,4,94,"Pre_Experiment",6.16666666666667
"8",8,"S","2",51,52,51,53,15,29,98,"Pre_Experiment",41.8333333333333
"9",9,"S","1",81,64,52,34,35,50,86,"Pre_Experiment",52.6666666666667
"11",11,"C","8",50,12,10,16,7,4,50,"Pre_Experiment",16.5
"12",12,"C","7",100,71,50,37,53,48,79,"Pre_Experiment",59.8333333333333
"16",16,"C","3",60,50,42,9,42,20,66,"Pre_Experiment",37.1666666666667
"17",17,"C","2",64,56,58,55,53,54,64,"Pre_Experiment",56.6666666666667
"18",18,"R","6",100,100,0,9,0,27,100,"Pre_Experiment",39.3333333333333
"19",19,"R","2",15,27,25,5,5,4,73,"Pre_Experiment",13.5
"20",20,"R","8",35,0,25,0,46,0,92,"Pre_Experiment",17.6666666666667
"21",21,"R","7",75,41,20,20,20,35,94,"Pre_Experiment",35.1666666666667
"22",22,"R","3",50,0,52,51,0,52,100,"Pre_Experiment",34.1666666666667
"23",23,"R","5",44,32,7,24,28,21,91,"Pre_Experiment",26
"24",24,"R","1",64,62,52,49,56,64,69,"Pre_Experiment",57.8333333333333
"25",25,"R","4",71,36,8,5,16,10,100,"Pre_Experiment",24.3333333333333
"26",26,"C","10",94,52,25,47,69,48,100,"Pre_Experiment",55.8333333333333
"27",27,"C","2",23,54,10,4,5,44,100,"Pre_Experiment",23.3333333333333
"28",28,"C","3",39,43,51,37,33,41,100,"Pre_Experiment",40.6666666666667
"29",29,"C","8",100,87,78,22,60,64,100,"Pre_Experiment",68.5
"30",30,"C","6",100,93,51,3,3,51,100,"Pre_Experiment",50.1666666666667
"32",32,"C","7",58,53,2,5,17,92,100,"Pre_Experiment",37.8333333333333
"33",33,"C","1",41,55,100,19,8,9,100,"Pre_Experiment",38.6666666666667
"34",34,"C","4",70,100,85,78,26,48,100,"Pre_Experiment",67.8333333333333
"35",35,"C","5",100,100,49,47,47,47,100,"Pre_Experiment",65
"36",36,"R","9",100,64,71,57,50,44,93,"Pre_Experiment",64.3333333333333
"37",37,"R","5",55,55,95,46,50,49,85,"Pre_Experiment",58.3333333333333
"38",38,"R","8",53,74,64,9,21,50,88,"Pre_Experiment",45.1666666666667
"39",39,"R","6",96,52,92,100,74,11,91,"Pre_Experiment",70.8333333333333
"40",40,"R","3",18,46,44,19,51,48,100,"Pre_Experiment",37.6666666666667
"42",42,"R","10",91,75,78,13,51,9,90,"Pre_Experiment",52.8333333333333
"43",43,"R","2",71,72,43,47,69,46,54,"Pre_Experiment",58
"44",44,"R","1",96,9,49,11,43,2,96,"Pre_Experiment",35
"45",45,"R","7",49,50,87,17,51,52,100,"Pre_Experiment",51
"46",46,"S","9",62,83,54,55,55,51,100,"Pre_Experiment",60
"47",47,"S","1",50,100,9,49,20,6,98,"Pre_Experiment",39
"49",49,"S","4",87,89,88,54,88,52,96,"Pre_Experiment",76.3333333333333
"50",50,"S","2",53,54,50,99,61,51,100,"Pre_Experiment",61.3333333333333
"51",51,"S","10",52,79,70,25,25,50,100,"Pre_Experiment",50.1666666666667
"52",52,"S","8",100,49,55,51,54,12,100,"Pre_Experiment",53.5
"53",53,"S","7",47,90,50,4,5,8,96,"Pre_Experiment",34
"55",55,"S","6",70,62,61,27,18,44,100,"Pre_Experiment",47
"57",57,"R","1",49,87,74,57,57,51,100,"Pre_Experiment",62.5
"58",58,"R","9",91,45,54,35,14,23,100,"Pre_Experiment",43.6666666666667
"59",59,"R","10",64,58,48,0,51,0,100,"Pre_Experiment",36.8333333333333
"60",60,"R","2",91,65,8,4,9,36,100,"Pre_Experiment",35.5
"61",61,"C","9",43,4,4,27,10,30,100,"Pre_Experiment",19.6666666666667
"62",62,"C","5",48,21,27,0,39,78,100,"Pre_Experiment",35.5
"63",63,"C","6",92,35,7,32,38,56,100,"Pre_Experiment",43.3333333333333
"64",64,"C","8",22,14,44,0,0,17,100,"Pre_Experiment",16.1666666666667
"65",65,"C","7",50,25,24,22,20,11,100,"Pre_Experiment",25.3333333333333
"66",66,"S","8",8,0,9,0,47,8,100,"Pre_Experiment",12
"67",67,"S","2",17,17,0,3,24,3,100,"Pre_Experiment",10.6666666666667
"68",68,"S","10",93,59,40,24,37,34,100,"Pre_Experiment",47.8333333333333
"69",69,"S","9",49,24,0,9,7,8,100,"Pre_Experiment",16.1666666666667
"70",70,"S","1",41,0,0,0,0,24,100,"Pre_Experiment",10.8333333333333
"71",71,"S","4",80,42,55,10,21,9,100,"Pre_Experiment",36.1666666666667
"72",72,"S","5",15,27,18,0,19,16,100,"Pre_Experiment",15.8333333333333
"73",73,"S","3",4,0,0,0,0,0,99,"Pre_Experiment",0.666666666666667
"74",74,"S","1",91,56,59,2,45,50,100,"Pre_Experiment",50.5
"75",75,"S","6",68,34,27,11,10,32,100,"Pre_Experiment",30.3333333333333
"76",76,"S","7",49,50,38,16,49,27,100,"Pre_Experiment",38.1666666666667
"77",77,"R","6",45,57,52,18,48,52,100,"Pre_Experiment",45.3333333333333
"78",78,"R","1",48,50,47,0,0,8,100,"Pre_Experiment",25.5
"79",79,"R","2",7,14,23,17,15,50,100,"Pre_Experiment",21
"80",80,"R","3",56,60,15,8,23,26,100,"Pre_Experiment",31.3333333333333
"82",82,"R","8",3,1,2,3,3,8,100,"Pre_Experiment",3.33333333333333
"83",83,"R","7",57,58,40,43,39,60,100,"Pre_Experiment",49.5
"84",84,"R","9",100,51,35,0,28,9,100,"Pre_Experiment",37.1666666666667
"85",85,"R","5",37,48,81,0,20,13,100,"Pre_Experiment",33.1666666666667
"86",86,"C","4",51,78,93,56,74,60,100,"Pre_Experiment",68.6666666666667
"87",87,"C","2",4,22,37,2,25,36,100,"Pre_Experiment",21
"88",88,"C","7",50,61,57,53,43,35,80,"Pre_Experiment",49.8333333333333
"89",89,"C","1",82,100,26,19,19,55,100,"Pre_Experiment",50.1666666666667
"90",90,"C","6",22,33,37,33,32,36,55,"Pre_Experiment",32.1666666666667
"91",91,"C","5",61,55,60,51,46,42,99,"Pre_Experiment",52.5
"92",92,"C","3",75,83,66,64,81,78,100,"Pre_Experiment",74.5
"94",94,"S","2",61,89,50,18,18,45,100,"Pre_Experiment",46.8333333333333
"95",95,"S","4",54,49,35,28,69,54,100,"Pre_Experiment",48.1666666666667
"96",96,"S","3",90,74,97,38,54,45,100,"Pre_Experiment",66.3333333333333
"97",97,"S","1",65,74,78,64,63,52,100,"Pre_Experiment",66
"98",98,"R","1",55,52,57,36,56,36,100,"Pre_Experiment",48.6666666666667
"99",99,"R","4",48,55,46,52,53,51,100,"Pre_Experiment",50.8333333333333
"100",100,"R","3",50,100,99,0,51,50,100,"Pre_Experiment",58.3333333333333
"101",101,"R","2",10,3,2,7,24,37,100,"Pre_Experiment",13.8333333333333
"102",102,"C","7",34,18,62,0,22,15,100,"Pre_Experiment",25.1666666666667
"103",103,"C","3",55,66,100,53,58,40,100,"Pre_Experiment",62
"104",104,"C","5",100,54,67,34,51,49,100,"Pre_Experiment",59.1666666666667
"105",105,"C","8",83,85,52,50,61,74,100,"Pre_Experiment",67.5
"106",106,"C","10",53,88,63,19,47,50,100,"Pre_Experiment",53.3333333333333
"107",107,"C","9",26,42,11,2,2,19,100,"Pre_Experiment",17
"109",109,"C","1",52,71,80,81,51,49,100,"Pre_Experiment",64
"110",110,"C","4",62,59,57,50,49,28,100,"Pre_Experiment",50.8333333333333
"111",111,"S","2",52,53,50,24,0,35,100,"Pre_Experiment",35.6666666666667
"112",112,"S","4",100,100,100,54,53,52,100,"Pre_Experiment",76.5
"113",113,"S","7",62,54,51,53,53,49,100,"Pre_Experiment",53.6666666666667
"114",114,"S","6",51,50,53,51,29,48,100,"Pre_Experiment",47
"115",115,"S","5",100,79,0,19,20,52,100,"Pre_Experiment",45
"116",116,"S","1",50,100,82,93,91,46,100,"Pre_Experiment",77
"117",117,"S","3",100,89,89,50,93,55,100,"Pre_Experiment",79.3333333333333
"118",118,"R","6",99,100,51,55,54,0,100,"Pre_Experiment",59.8333333333333
"119",119,"R","3",49,25,27,0,0,0,100,"Pre_Experiment",16.8333333333333
"120",120,"R","1",96,100,55,51,53,54,100,"Pre_Experiment",68.1666666666667
"121",121,"R","2",100,50,15,0,0,9,100,"Pre_Experiment",29
"122",122,"R","4",51,18,34,9,31,8,100,"Pre_Experiment",25.1666666666667
"123",123,"R","5",74,50,19,23,50,12,100,"Pre_Experiment",38
"124",124,"C","2",85,69,54,16,17,24,100,"Pre_Experiment",44.1666666666667
"125",125,"C","4",100,6,4,7,5,51,95,"Pre_Experiment",28.8333333333333
"126",126,"C","05",57,100,51,54,54,100,100,"Pre_Experiment",69.3333333333333
"128",128,"C","3",50,47,77,78,61,0,100,"Pre_Experiment",52.1666666666667
"129",129,"C","7",37,32,47,16,56,23,100,"Pre_Experiment",35.1666666666667
"130",130,"C","6",100,100,41,68,68,52,100,"Pre_Experiment",71.5
"131",131,"S","8",46,49,17,13,18,50,100,"Pre_Experiment",32.1666666666667
"132",132,"S","6",48,85,52,0,19,29,100,"Pre_Experiment",38.8333333333333
"133",133,"S","7",60,56,39,10,20,53,100,"Pre_Experiment",39.6666666666667
"134",134,"S","4",18,51,19,3,4,11,100,"Pre_Experiment",17.6666666666667
"135",135,"S","5",24,16,4,18,16,20,100,"Pre_Experiment",16.3333333333333
"136",136,"S","3",52,46,47,1,41,30,100,"Pre_Experiment",36.1666666666667
"137",137,"S","1",82,74,70,48,56,26,100,"Pre_Experiment",59.3333333333333
"138",138,"S","2",47,100,48,28,54,16,100,"Pre_Experiment",48.8333333333333
"139",139,"C","6",70,42,16,14,24,50,95,"Pre_Experiment",36
"140",140,"C","4",9,80,11,0,5,3,100,"Pre_Experiment",18
"141",141,"C","2",4,4,15,3,13,3,100,"Pre_Experiment",7
"142",142,"C","1",14,15,7,11,8,9,90,"Pre_Experiment",10.6666666666667
"143",143,"C","3",77,98,21,0,9,31,100,"Pre_Experiment",39.3333333333333
"144",144,"C","5",73,62,48,9,28,15,100,"Pre_Experiment",39.1666666666667
"146",146,"R","1",59,51,0,6,7,17,100,"Pre_Experiment",23.3333333333333
"147",147,"R","8",53,53,50,52,52,50,100,"Pre_Experiment",51.6666666666667
"148",148,"R","7",51,68,49,32,48,49,100,"Pre_Experiment",49.5
"149",149,"R","6",51,67,51,63,65,51,100,"Pre_Experiment",58
"150",150,"R","2",45,50,46,26,14,11,100,"Pre_Experiment",32
"151",151,"R","3",50,51,52,29,53,51,100,"Pre_Experiment",47.6666666666667
"152",152,"R","4",0,17,8,16,14,9,100,"Pre_Experiment",10.6666666666667
"153",153,"S","S05",85,53,80,83,58,52,100,"Pre_Experiment",68.5
"154",154,"S","502",23,14,25,8,9,21,100,"Pre_Experiment",16.6666666666667
"156",156,"S","506",80,52,58,49,53,8,100,"Pre_Experiment",50
"157",157,"S","504",0,39,23,0,12,26,100,"Pre_Experiment",16.6666666666667
"158",158,"S","S10",84,46,14,0,42,49,100,"Pre_Experiment",39.1666666666667
"159",159,"S","S07",74,72,69,68,64,63,100,"Pre_Experiment",68.3333333333333
"160",160,"S","501",49,46,60,9,13,34,100,"Pre_Experiment",35.1666666666667
"161",161,"S","509",73,65,81,17,51,27,86,"Pre_Experiment",52.3333333333333
"162",162,"R","R07",77,43,62,43,21,31,100,"Pre_Experiment",46.1666666666667
"163",163,"R","R01",9,31,28,0,50,27,100,"Pre_Experiment",24.1666666666667
"164",164,"R","R06",89,44,62,12,47,28,57,"Pre_Experiment",47
"166",166,"R","R10",85,3,100,19,19,25,100,"Pre_Experiment",41.8333333333333
"167",167,"R","R08",66,70,53,0,9,50,100,"Pre_Experiment",41.3333333333333
"168",168,"R","R04",100,90,46,2,50,5,100,"Pre_Experiment",48.8333333333333
"169",169,"R","R02",25,25,49,0,2,2,100,"Pre_Experiment",17.1666666666667
"170",170,"R","R09",49,49,22,2,42,5,100,"Pre_Experiment",28.1666666666667
"171",171,"R","R03",48,30,39,6,48,29,100,"Pre_Experiment",33.3333333333333
"172",172,"C","C03",100,55,37,3,47,32,100,"Pre_Experiment",45.6666666666667
"173",173,"C","C10",27,50,33,0,53,12,100,"Pre_Experiment",29.1666666666667
"174",174,"C","C07",100,46,64,14,19,48,100,"Pre_Experiment",48.5
"175",175,"C","C02",41,50,29,11,24,55,100,"Pre_Experiment",35
"176",176,"C","C09",47,49,50,48,47,20,100,"Pre_Experiment",43.5
"177",177,"C","C08",89,29,60,41,47,91,79,"Pre_Experiment",59.5
"178",178,"C","05",20,30,16,0,8,20,100,"Pre_Experiment",15.6666666666667
"179",179,"C","C01",16,8,34,5,18,2,100,"Pre_Experiment",13.8333333333333
"180",180,"C","C04",70,53,50,1,30,35,98,"Pre_Experiment",39.8333333333333
"181",181,"C","C06",64,14,79,0,9,50,69,"Pre_Experiment",36
"182",182,"R","5",47,82,86,48,48,30,100,"Pre_Experiment",56.8333333333333
"183",183,"R","6",75,86,54,5,1,32,100,"Pre_Experiment",42.1666666666667
"184",184,"R","5",79,61,100,29,53,37,100,"Pre_Experiment",59.8333333333333
"185",185,"R","2",30,36,62,23,43,20,100,"Pre_Experiment",35.6666666666667
"186",186,"R","1",85,75,63,20,16,67,100,"Pre_Experiment",54.3333333333333
"187",187,"R","4",50,31,52,2,81,11,100,"Pre_Experiment",37.8333333333333
"188",188,"R","3",72,18,55,20,59,13,96,"Pre_Experiment",39.5
"189",189,"S","1",40,100,91,0,81,54,100,"Pre_Experiment",61
"190",190,"S","10",83,86,5,4,5,46,100,"Pre_Experiment",38.1666666666667
"191",191,"S","9",74,54,31,13,31,33,100,"Pre_Experiment",39.3333333333333
"192",192,"S","2",91,59,18,11,23,37,100,"Pre_Experiment",39.8333333333333
"193",193,"S","3",48,46,22,11,30,47,100,"Pre_Experiment",34
"194",194,"S","7",45,48,48,49,49,30,98,"Pre_Experiment",44.8333333333333
"195",195,"S","5",69,51,44,29,44,28,100,"Pre_Experiment",44.1666666666667
"196",196,"S","4",78,82,25,39,13,37,100,"Pre_Experiment",45.6666666666667
"197",197,"S","6",87,39,49,10,54,27,100,"Pre_Experiment",44.3333333333333
"198",198,"R","6",36,67,69,33,38,66,100,"Pre_Experiment",51.5
"199",199,"R","1",71,64,40,28,24,34,100,"Pre_Experiment",43.5
"200",200,"R","3",80,92,8,18,0,47,100,"Pre_Experiment",40.8333333333333
"201",201,"R","5",87,77,64,0,23,10,100,"Pre_Experiment",43.5
"202",202,"R","9",56,58,15,3,8,29,100,"Pre_Experiment",28.1666666666667
"203",203,"R","7",100,52,46,15,48,49,100,"Pre_Experiment",51.6666666666667
"204",204,"R","4",91,71,69,13,18,35,100,"Pre_Experiment",49.5
"205",205,"C","6",84,78,27,17,46,28,100,"Pre_Experiment",46.6666666666667
"206",206,"C","5",9,8,10,0,11,31,100,"Pre_Experiment",11.5
"207",207,"C","9",83,70,71,33,48,60,100,"Pre_Experiment",60.8333333333333
"208",208,"C","3",100,74,83,63,64,80,100,"Pre_Experiment",77.3333333333333
"209",209,"C","4",70,71,76,46,46,48,100,"Pre_Experiment",59.5
"210",210,"C","10",86,87,95,80,35,63,100,"Pre_Experiment",74.3333333333333
"211",211,"C","7",68,49,64,71,58,49,100,"Pre_Experiment",59.8333333333333
"212",212,"S","7",13,13,11,13,14,6,100,"Pre_Experiment",11.6666666666667
"213",213,"S","8",50,52,50,34,48,32,100,"Pre_Experiment",44.3333333333333
"214",214,"S","4",79,44,48,50,51,52,100,"Pre_Experiment",54
"215",215,"S","3",51,22,32,15,16,0,100,"Pre_Experiment",22.6666666666667
"216",216,"S","5",11,6,4,6,6,6,100,"Pre_Experiment",6.5
"217",217,"S","1",47,44,48,43,39,38,100,"Pre_Experiment",43.1666666666667
"218",218,"S","2",46,28,30,33,27,34,100,"Pre_Experiment",33
"219",219,"S","6",18,28,76,8,83,8,100,"Pre_Experiment",36.8333333333333
"220",220,"R","8",9,18,18,13,13,7,100,"Pre_Experiment",13
"221",221,"R","7",72,17,18,16,19,5,100,"Pre_Experiment",24.5
"222",222,"R","9",96,51,3,52,52,0,100,"Pre_Experiment",42.3333333333333
"223",223,"R","1",70,70,71,52,52,72,100,"Pre_Experiment",64.5
"224",224,"R","10",100,75,49,78,51,49,100,"Pre_Experiment",67
"226",226,"R","5",100,100,51,100,52,52,100,"Pre_Experiment",75.8333333333333
"227",227,"R","2",86,19,18,14,30,51,100,"Pre_Experiment",36.3333333333333
"228",228,"R","6",50,70,52,49,49,0,100,"Pre_Experiment",45
"229",229,"C","1",100,0,100,3,3,10,100,"Pre_Experiment",36
"230",230,"C","8",9,9,49,15,49,7,93,"Pre_Experiment",23
"231",231,"C","4",75,71,33,18,10,7,100,"Pre_Experiment",35.6666666666667
"232",232,"C","10",82,80,49,75,52,8,100,"Pre_Experiment",57.6666666666667
"233",233,"C","6",24,100,72,50,36,6,100,"Pre_Experiment",48
"234",234,"C","7",100,80,50,50,52,50,100,"Pre_Experiment",63.6666666666667
"236",236,"C","5",47,39,73,50,100,0,100,"Pre_Experiment",51.5
"237",237,"C","9",65,36,47,34,45,4,100,"Pre_Experiment",38.5
"238",238,"C","2",100,100,46,50,100,48,100,"Pre_Experiment",74
"239",239,"R","4",53,72,59,100,77,12,84,"Pre_Experiment",62.1666666666667
"240",240,"C","6",19,52,11,5,15,51,100,"Pre_Experiment",25.5
"241",241,"C","3",71,43,31,35,33,43,100,"Pre_Experiment",42.6666666666667
"242",242,"C","4",78,51,30,28,39,50,100,"Pre_Experiment",46
"243",243,"C","1",100,70,54,51,53,50,100,"Pre_Experiment",63
"244",244,"R","1",86,100,58,44,41,17,100,"Pre_Experiment",57.6666666666667
"245",245,"R","7",52,67,11,9,10,32,98,"Pre_Experiment",30.1666666666667
"246",246,"R","3",100,21,9,9,9,13,100,"Pre_Experiment",26.8333333333333
"247",247,"R","5",25,61,46,47,30,13,88,"Pre_Experiment",37
"248",248,"R","2",61,12,9,0,0,0,100,"Pre_Experiment",13.6666666666667
"249",249,"R","6",68,74,19,5,30,46,100,"Pre_Experiment",40.3333333333333
"250",250,"R","4",55,49,42,32,17,72,100,"Pre_Experiment",44.5
"252",252,"S","4",90,68,52,27,27,38,100,"Pre_Experiment",50.3333333333333
"253",253,"S","7",89,56,23,7,5,14,100,"Pre_Experiment",32.3333333333333
"254",254,"S","6",88,75,49,37,46,0,100,"Pre_Experiment",49.1666666666667
"255",255,"S","1",24,77,52,49,50,4,87,"Pre_Experiment",42.6666666666667
"256",256,"S","3",56,39,48,24,64,43,100,"Pre_Experiment",45.6666666666667
"257",257,"S","2",40,41,39,37,38,45,100,"Pre_Experiment",40
"258",258,"S","6",100,49,60,3,14,17,58,"Pre_Experiment",40.5
"259",259,"S","1",83,83,88,13,59,28,100,"Pre_Experiment",59
"260",260,"S","5",81,68,76,9,64,53,84,"Pre_Experiment",58.5
"262",262,"S","2",78,27,48,6,46,10,100,"Pre_Experiment",35.8333333333333
"263",263,"S","4",63,68,50,24,51,51,100,"Pre_Experiment",51.1666666666667
"264",264,"S","S8",52,50,61,55,36,66,96,"Pre_Experiment",53.3333333333333
"265",265,"S","S5",50,71,35,34,21,49,100,"Pre_Experiment",43.3333333333333
"266",266,"S","S9",8,2,3,5,5,1,100,"Pre_Experiment",4
"267",267,"S","S6",47,50,51,47,48,48,99,"Pre_Experiment",48.5
"268",268,"S","S10",54,52,51,53,49,16,100,"Pre_Experiment",45.8333333333333
"269",269,"S","S1",100,49,50,44,39,46,100,"Pre_Experiment",54.6666666666667
"271",271,"S","S7",55,100,0,52,50,100,100,"Pre_Experiment",59.5
"273",273,"R","R1",74,54,32,42,65,26,100,"Pre_Experiment",48.8333333333333
"274",274,"R","R9",66,71,22,4,53,71,100,"Pre_Experiment",47.8333333333333
"275",275,"R","R2",4,97,54,0,3,4,96,"Pre_Experiment",27
"276",276,"R","R4",53,57,50,3,51,51,100,"Pre_Experiment",44.1666666666667
"278",278,"S","S2",11,57,76,66,94,59,100,"Pre_Experiment",60.5
"280",280,"R","R6",10,8,10,1,0,0,100,"Pre_Experiment",4.83333333333333
"281",281,"R","R8",0,100,100,0,0,0,100,"Pre_Experiment",33.3333333333333
"282",282,"R","R5",68,100,15,9,10,8,100,"Pre_Experiment",35
"283",283,"C","C1",50,100,52,4,53,54,100,"Pre_Experiment",52.1666666666667
"284",284,"C","C9",47,99,50,48,51,50,100,"Pre_Experiment",57.5
"285",285,"C","C8",100,100,53,8,5,50,100,"Pre_Experiment",52.6666666666667
"286",286,"C","C3",54,100,55,0,6,48,100,"Pre_Experiment",43.8333333333333
"287",287,"C","C2",51,47,47,3,0,8,100,"Pre_Experiment",26
"288",288,"C","C6",78,100,54,53,34,49,100,"Pre_Experiment",61.3333333333333
"289",289,"C","C5",92,4,48,47,46,95,89,"Pre_Experiment",55.3333333333333
"290",290,"C","C10",48,97,98,43,46,51,95,"Pre_Experiment",63.8333333333333
"291",291,"C","C7",41,83,29,89,75,87,100,"Pre_Experiment",67.3333333333333
"292",292,"C","C4",46,38,28,9,22,24,100,"Pre_Experiment",27.8333333333333
"293",293,"C","7",82,83,79,60,71,50,100,"Pre_Experiment",70.8333333333333
"295",295,"C","2",51,53,52,51,52,51,70,"Pre_Experiment",51.6666666666667
"296",296,"C","B",58,27,48,9,4,64,100,"Pre_Experiment",35
"297",297,"C","1",98,68,74,45,54,51,64,"Pre_Experiment",65
"298",298,"C","4",48,47,50,0,0,12,100,"Pre_Experiment",26.1666666666667
"299",299,"S","7",4,3,4,1,0,0,100,"Pre_Experiment",2
"300",300,"S","4",40,30,46,0,0,0,100,"Pre_Experiment",19.3333333333333
"301",301,"S","5",11,7,5,3,3,12,100,"Pre_Experiment",6.83333333333333
"302",302,"S","1",45,47,52,45,51,45,94,"Pre_Experiment",47.5
"303",303,"S","6",52,66,42,13,33,14,100,"Pre_Experiment",36.6666666666667
"304",304,"S","3",80,100,84,56,63,50,100,"Pre_Experiment",72.1666666666667
"305",305,"R","10",40,51,16,8,4,6,100,"Pre_Experiment",20.8333333333333
"306",306,"R","9",26,62,15,3,15,25,100,"Pre_Experiment",24.3333333333333
"307",307,"R","1",15,0,11,3,5,8,100,"Pre_Experiment",7
"308",308,"R","3",64,54,34,20,16,26,100,"Pre_Experiment",35.6666666666667
"310",310,"R","4",50,48,24,23,67,8,100,"Pre_Experiment",36.6666666666667
"311",311,"R","7",93,90,88,53,51,53,100,"Pre_Experiment",71.3333333333333
"312",312,"R","8",66,53,15,30,15,0,100,"Pre_Experiment",29.8333333333333
"313",313,"R","6",94,52,23,48,47,44,100,"Pre_Experiment",51.3333333333333
"314",314,"C","1",15,14,14,12,12,25,100,"Pre_Experiment",15.3333333333333
"315",315,"C","7",55,45,47,8,49,52,100,"Pre_Experiment",42.6666666666667
"316",316,"C","5",47,74,0,6,32,71,94,"Pre_Experiment",38.3333333333333
"317",317,"C","6",45,71,45,40,46,51,100,"Pre_Experiment",49.6666666666667
"318",318,"C","4",78,77,18,98,21,23,100,"Pre_Experiment",52.5
"319",319,"C","3",43,42,18,17,37,49,100,"Pre_Experiment",34.3333333333333
"320",320,"R","P5",69,86,87,51,69,60,100,"Pre_Experiment",70.3333333333333
"321",321,"R","P4",71,79,64,18,45,30,99,"Pre_Experiment",51.1666666666667
"322",322,"R","P6",78,86,66,44,53,40,100,"Pre_Experiment",61.1666666666667
"323",323,"R","P2",88,75,76,58,67,38,99,"Pre_Experiment",67
"325",325,"C","8",50,41,26,1,19,2,88,"Pre_Experiment",23.1666666666667
"326",326,"C","3",100,100,26,32,63,60,100,"Pre_Experiment",63.5
"327",327,"C","2",23,49,48,47,51,49,100,"Pre_Experiment",44.5
"328",328,"C","1",26,100,33,0,46,9,100,"Pre_Experiment",35.6666666666667
"329",329,"C","6",55,79,73,0,50,47,100,"Pre_Experiment",50.6666666666667
"330",330,"C","9",13,10,76,5,29,26,82,"Pre_Experiment",26.5
"331",331,"C","7",48,100,18,53,64,34,78,"Pre_Experiment",52.8333333333333
"332",332,"C","4",34,79,51,29,51,72,100,"Pre_Experiment",52.6666666666667
"333",333,"C","5",9,86,7,7,9,13,100,"Pre_Experiment",21.8333333333333
"334",334,"S","4",45,77,97,10,73,20,100,"Pre_Experiment",53.6666666666667
"335",335,"S","6",64,52,47,14,46,45,100,"Pre_Experiment",44.6666666666667
"336",336,"S","5",0,0,0,0,0,0,100,"Pre_Experiment",0
"337",337,"S","1",100,58,50,13,52,22,100,"Pre_Experiment",49.1666666666667
"338",338,"S","10",49,48,50,0,48,0,100,"Pre_Experiment",32.5
"339",339,"S","7",83,74,47,3,22,29,100,"Pre_Experiment",43
"340",340,"S","9",86,87,51,36,49,63,100,"Pre_Experiment",62
"341",341,"S","2",100,100,36,36,57,57,100,"Pre_Experiment",64.3333333333333
"343",343,"S","3",100,100,49,33,48,50,100,"Pre_Experiment",63.3333333333333
"344",344,"S","3Bog03",4,52,6,5,5,27,54,"Pre_Experiment",16.5
"345",345,"S","3Bog09",0,5,0,0,0,0,100,"Pre_Experiment",0.833333333333333
"346",346,"S","3Bog05",41,12,20,3,3,9,74,"Pre_Experiment",14.6666666666667
"347",347,"S","3Bog04",7,7,7,7,6,8,100,"Pre_Experiment",7
"348",348,"S","3Bog01",36,100,12,0,13,17,100,"Pre_Experiment",29.6666666666667
"349",349,"S","3 Bog 07",50,88,56,0,50,6,94,"Pre_Experiment",41.6666666666667
"350",350,"S","3Bog02",5,6,2,1,1,19,100,"Pre_Experiment",5.66666666666667
"351",351,"S","3Bog08",6,5,19,4,1,13,100,"Pre_Experiment",8
"352",352,"S","3Bog06",27,100,100,17,50,50,100,"Pre_Experiment",57.3333333333333
"353",353,"C","1Bog04",48,0,100,7,88,30,100,"Pre_Experiment",45.5
"354",354,"C","1Bog02",10,9,3,2,4,20,100,"Pre_Experiment",8
"355",355,"C","1Bog03",45,50,48,9,8,6,72,"Pre_Experiment",27.6666666666667
"356",356,"C","1bag08",56,3,69,12,10,9,74,"Pre_Experiment",26.5
"357",357,"C","1Bog10",56,45,55,4,12,59,81,"Pre_Experiment",38.5
"358",358,"C","1Bog06",11,40,4,5,3,3,100,"Pre_Experiment",11
"359",359,"C","1Bog05",1,13,3,2,0,36,73,"Pre_Experiment",9.16666666666667
"360",360,"C","1Bog09",35,23,15,1,7,13,100,"Pre_Experiment",15.6666666666667
"361",361,"R","2Bog02",43,46,50,0,0,0,97,"Pre_Experiment",23.1666666666667
"362",362,"R","2 Bog 06",53,50,49,22,15,29,100,"Pre_Experiment",36.3333333333333
"363",363,"R","2Bog03",49,53,44,0,13,19,77,"Pre_Experiment",29.6666666666667
"364",364,"R","2Bog01",3,51,7,4,17,33,67,"Pre_Experiment",19.1666666666667
"365",365,"R","2Bog04",85,66,80,7,36,26,100,"Pre_Experiment",50
"366",366,"R","2Bog07",5,18,12,6,7,9,73,"Pre_Experiment",9.5
"367",367,"R","2Bog05",10,0,0,0,0,0,100,"Pre_Experiment",1.66666666666667
"368",368,"R","2 Bog 08",52,50,78,16,57,47,100,"Pre_Experiment",50
"369",369,"S","5",74,100,34,0,50,27,100,"Pre_Experiment",47.5
"370",370,"S","9",0,0,0,0,0,0,100,"Pre_Experiment",0
"371",371,"S","8",1,53,1,0,0,43,100,"Pre_Experiment",16.3333333333333
"372",372,"S","2",53,50,49,15,51,34,100,"Pre_Experiment",42
"373",373,"S","10",50,47,48,53,49,33,100,"Pre_Experiment",46.6666666666667
"374",374,"S","6",78,86,51,51,33,51,100,"Pre_Experiment",58.3333333333333
"375",375,"S","3",67,69,100,77,53,51,100,"Pre_Experiment",69.5
"376",376,"R","16",18,38,81,11,47,5,100,"Pre_Experiment",33.3333333333333
"377",377,"R","17",50,87,54,63,60,52,100,"Pre_Experiment",61
"378",378,"R","11",51,70,60,0,51,15,100,"Pre_Experiment",41.1666666666667
"379",379,"R","18",49,49,70,45,51,45,100,"Pre_Experiment",51.5
"380",380,"R","13",27,31,26,24,23,32,100,"Pre_Experiment",27.1666666666667
"381",381,"R","19",23,79,50,1,28,9,100,"Pre_Experiment",31.6666666666667
"382",382,"R","12",44,97,51,51,57,75,100,"Pre_Experiment",62.5
"383",383,"R","20",48,75,48,19,18,6,100,"Pre_Experiment",35.6666666666667
"384",384,"R","15",63,57,46,22,47,32,100,"Pre_Experiment",44.5
"386",386,"C","27",76,30,38,5,13,18,100,"Pre_Experiment",30
"387",387,"C","29",63,56,65,3,48,26,100,"Pre_Experiment",43.5
"388",388,"C","28",47,29,45,21,17,29,100,"Pre_Experiment",31.3333333333333
"389",389,"C","25",21,58,45,0,30,10,100,"Pre_Experiment",27.3333333333333
"390",390,"C","24",92,44,13,43,44,0,100,"Pre_Experiment",39.3333333333333
"391",391,"C","21",100,100,13,20,30,7,100,"Pre_Experiment",45
"392",392,"C","22",52,31,53,51,43,16,100,"Pre_Experiment",41
"393",393,"C","23",9,32,100,6,9,7,100,"Pre_Experiment",27.1666666666667
"394",394,"C","26",49,48,23,18,49,11,100,"Pre_Experiment",33
"395",395,"S","P1",45,53,28,20,42,11,100,"Pre_Experiment",33.1666666666667
"396",396,"S","P3",47,95,33,38,27,63,100,"Pre_Experiment",50.5
"397",397,"S","P2",73,87,30,67,41,51,100,"Pre_Experiment",58.1666666666667
"398",398,"S","P4",79,79,49,47,40,54,100,"Pre_Experiment",58
"399",399,"C","(I dont remember but will check with you after?)",55,65,54,51,54,13,100,"Pre_Experiment",48.6666666666667
"400",400,"C","Red637",70,77,45,0,7,1,100,"Pre_Experiment",33.3333333333333
"401",401,"C","6",40,77,61,21,44,8,100,"Pre_Experiment",41.8333333333333
"402",402,"C","Green080",62,61,49,33,32,62,100,"Pre_Experiment",49.8333333333333
"403",403,"C","FF941",73,100,36,6,20,18,100,"Pre_Experiment",42.1666666666667
"404",404,"C","Spaghetti De la Hood 9613",25,14,39,0,1,31,100,"Pre_Experiment",18.3333333333333
"405",405,"S","6",45,26,39,7,5,32,100,"Pre_Experiment",25.6666666666667
"406",406,"S","1",79,48,15,3,4,2,100,"Pre_Experiment",25.1666666666667
"407",407,"S","5",81,84,46,59,51,34,100,"Pre_Experiment",59.1666666666667
"409",409,"S","4",49,49,26,25,50,50,100,"Pre_Experiment",41.5
"410",410,"S","MM565",87,84,51,25,50,60,100,"Pre_Experiment",59.5
"411",411,"S","1",52,44,9,0,7,47,100,"Pre_Experiment",26.5
"412",412,"S","S",100,100,73,5,36,69,100,"Pre_Experiment",63.8333333333333
"413",413,"S","kt3108",52,73,62,21,46,51,100,"Pre_Experiment",50.8333333333333
"414",414,"S","4",14,10,66,3,45,38,100,"Pre_Experiment",29.3333333333333
"416",416,"C","4",47,21,57,23,42,47,100,"Pre_Experiment",39.5
"417",417,"C","6",100,50,47,24,24,52,100,"Pre_Experiment",49.5
"418",418,"C","2",95,63,28,47,48,47,100,"Pre_Experiment",54.6666666666667
"419",419,"C","7",88,100,47,52,65,82,100,"Pre_Experiment",72.3333333333333
"420",420,"C","3",77,70,1,47,0,26,100,"Pre_Experiment",36.8333333333333
"421",421,"C","10",9,36,100,2,51,0,100,"Pre_Experiment",33
"422",422,"S","16",100,46,41,56,16,5,100,"Pre_Experiment",44
"423",423,"S","18",34,53,26,29,33,13,100,"Pre_Experiment",31.3333333333333
"424",424,"S","11",100,50,78,11,18,10,100,"Pre_Experiment",44.5
"425",425,"S","13",69,16,67,0,59,13,100,"Pre_Experiment",37.3333333333333
"426",426,"S","17",51,79,55,16,36,41,100,"Pre_Experiment",46.3333333333333
"427",427,"S","15",56,22,44,43,46,54,100,"Pre_Experiment",44.1666666666667
"428",428,"R","30",100,89,25,46,47,70,100,"Pre_Experiment",62.8333333333333
"429",429,"R","29",100,65,20,17,50,25,100,"Pre_Experiment",46.1666666666667
"430",430,"R","22",78,0,0,0,75,37,100,"Pre_Experiment",31.6666666666667
"431",431,"R","23",50,23,0,0,0,0,100,"Pre_Experiment",12.1666666666667
"432",432,"R","27",35,28,25,31,54,35,100,"Pre_Experiment",34.6666666666667
"433",433,"R","25",29,0,12,17,16,19,100,"Pre_Experiment",15.5
"435",435,"R","24",79,66,73,29,48,30,100,"Pre_Experiment",54.1666666666667
"436",436,"R","21",99,73,45,7,9,11,100,"Pre_Experiment",40.6666666666667
"437",437,"R","7",35,49,56,37,51,45,100,"Pre_Experiment",45.5
"438",438,"R","2",65,58,51,25,46,59,100,"Pre_Experiment",50.6666666666667
"439",439,"R","1",39,42,16,8,50,7,100,"Pre_Experiment",27
"440",440,"R","14087385",49,51,27,4,1,3,100,"Pre_Experiment",22.5
"441",441,"R","4",21,0,20,12,17,29,100,"Pre_Experiment",16.5
"442",442,"R","3",57,81,51,52,54,49,100,"Pre_Experiment",57.3333333333333
"443",443,"R","R4",92,36,18,4,12,51,100,"Pre_Experiment",35.5
"444",444,"R","R1",45,10,8,4,2,25,100,"Pre_Experiment",15.6666666666667
"446",446,"R","R7",48,75,68,56,52,59,100,"Pre_Experiment",59.6666666666667
"447",447,"R","R8",69,79,64,41,47,51,100,"Pre_Experiment",58.5
"448",448,"R","R5",63,17,59,38,23,20,76,"Pre_Experiment",36.6666666666667
"449",449,"R","R9",48,66,52,21,46,51,100,"Pre_Experiment",47.3333333333333
"450",450,"R","R2",51,72,46,9,20,11,100,"Pre_Experiment",34.8333333333333
"451",451,"R","R6",100,43,74,11,48,33,100,"Pre_Experiment",51.5
"452",452,"S","S5",48,53,82,49,67,52,100,"Pre_Experiment",58.5
"453",453,"S","S1",72,60,72,13,52,52,100,"Pre_Experiment",53.5
"454",454,"S","S3",50,26,48,13,43,20,100,"Pre_Experiment",33.3333333333333
"455",455,"S","S8",69,70,57,16,52,52,100,"Pre_Experiment",52.6666666666667
"456",456,"S","S9",78,91,52,17,51,52,100,"Pre_Experiment",56.8333333333333
"457",457,"S","S7",53,51,51,1,31,8,100,"Pre_Experiment",32.5
"458",458,"R","4",15,77,22,6,0,3,100,"Pre_Experiment",20.5
"459",459,"R","3",53,50,74,50,79,29,100,"Pre_Experiment",55.8333333333333
"460",460,"R","5",47,62,63,23,48,27,100,"Pre_Experiment",45
"461",461,"R","2",75,75,74,53,55,31,100,"Pre_Experiment",60.5
"462",462,"R","1",50,48,41,16,27,25,100,"Pre_Experiment",34.5
"463",463,"S","3",6,47,37,5,52,25,100,"Pre_Experiment",28.6666666666667
"464",464,"S","7",100,12,100,100,100,59,100,"Pre_Experiment",78.5
"465",465,"S","6",68,82,64,73,51,52,100,"Pre_Experiment",65
"466",466,"S","5",60,59,49,12,36,53,100,"Pre_Experiment",44.8333333333333
"467",467,"S","2",46,47,50,2,50,18,100,"Pre_Experiment",35.5
"468",468,"S","1",79,75,49,17,37,29,100,"Pre_Experiment",47.6666666666667
"469",469,"R","4",60,82,51,8,6,51,100,"Pre_Experiment",43
"470",470,"R","3",67,100,7,20,16,63,100,"Pre_Experiment",45.5
"471",471,"R","5",50,19,49,19,13,16,100,"Pre_Experiment",27.6666666666667
"472",472,"R","1",12,100,100,0,48,0,100,"Pre_Experiment",43.3333333333333
"473",473,"R","2",100,49,54,53,56,19,100,"Pre_Experiment",55.1666666666667
"474",474,"C","C10",49,55,25,15,31,32,100,"Pre_Experiment",34.5
"475",475,"C","C5",15,50,20,50,25,53,100,"Pre_Experiment",35.5
"476",476,"C","C2",61,100,19,12,28,52,100,"Pre_Experiment",45.3333333333333
"477",477,"C","C3",79,60,61,12,36,32,100,"Pre_Experiment",46.6666666666667
"478",478,"C","C9",48,84,9,10,16,23,100,"Pre_Experiment",31.6666666666667
"479",479,"C","C4",20,16,67,15,61,51,100,"Pre_Experiment",38.3333333333333
"480",480,"C","C1",77,53,81,17,27,38,100,"Pre_Experiment",48.8333333333333
"481",481,"C","C7",68,43,22,2,19,8,100,"Pre_Experiment",27
"482",482,"C","C6",93,77,11,68,14,50,100,"Pre_Experiment",52.1666666666667
"483",483,"C","5",63,100,49,29,53,50,100,"Pre_Experiment",57.3333333333333
"484",484,"C","2",52,54,49,0,50,30,100,"Pre_Experiment",39.1666666666667
"485",485,"C","1",54,53,48,10,39,29,100,"Pre_Experiment",38.8333333333333
"486",486,"C","3",54,44,79,5,7,7,100,"Pre_Experiment",32.6666666666667
"487",487,"C","7",100,50,0,48,40,52,100,"Pre_Experiment",48.3333333333333
"488",488,"S","7",52,66,48,0,49,39,100,"Pre_Experiment",42.3333333333333
"489",489,"S","3",52,52,77,51,48,31,100,"Pre_Experiment",51.8333333333333
"490",490,"S","1",51,52,38,0,18,30,100,"Pre_Experiment",31.5
"491",491,"S","8",53,51,64,53,56,51,100,"Pre_Experiment",54.6666666666667
"492",492,"S","5",100,100,100,21,17,51,100,"Pre_Experiment",64.8333333333333
"493",493,"S","9",46,80,64,31,39,9,100,"Pre_Experiment",44.8333333333333
"494",494,"C","7",73,79,80,63,59,46,100,"Pre_Experiment",66.6666666666667
"495",495,"C","4",51,90,89,56,78,50,100,"Pre_Experiment",69
"496",496,"C","1",75,53,52,0,53,19,100,"Pre_Experiment",42
"497",497,"C","6",87,100,56,64,53,66,100,"Pre_Experiment",71
"498",498,"C","2",49,43,50,56,55,63,100,"Pre_Experiment",52.6666666666667
"500",500,"C","05",43,34,41,51,49,10,100,"Pre_Experiment",38
"501",501,"C","10",52,50,27,45,25,3,100,"Pre_Experiment",33.6666666666667
"502",502,"C","08",51,66,50,52,52,50,50,"Pre_Experiment",53.5
"504",504,"C","07",56,56,85,50,50,45,100,"Pre_Experiment",57
"505",505,"C","03",70,98,48,56,56,56,100,"Pre_Experiment",64
"506",506,"C","09",80,80,64,64,52,71,99,"Pre_Experiment",68.5
"507",507,"C","01",29,35,85,58,56,46,98,"Pre_Experiment",51.5
"508",508,"S","5",45,22,12,2,45,4,100,"Pre_Experiment",21.6666666666667
"509",509,"S","8",38,21,46,31,19,11,100,"Pre_Experiment",27.6666666666667
"510",510,"S","4",33,22,28,3,5,0,100,"Pre_Experiment",15.1666666666667
"511",511,"S","1",13,89,61,17,54,51,100,"Pre_Experiment",47.5
"512",512,"S","2",51,56,44,5,6,23,100,"Pre_Experiment",30.8333333333333
"513",513,"S","7",48,37,13,5,6,6,100,"Pre_Experiment",19.1666666666667
"514",514,"S","6",61,14,52,1,50,10,100,"Pre_Experiment",31.3333333333333
"515",515,"S","3",14,100,49,8,31,6,100,"Pre_Experiment",34.6666666666667
"516",516,"R","9",74,57,50,25,31,33,100,"Pre_Experiment",45
"517",517,"R","4",8,32,14,5,12,22,100,"Pre_Experiment",15.5
"518",518,"R","3",0,40,38,0,8,27,100,"Pre_Experiment",18.8333333333333
"519",519,"R","8",52,74,52,5,51,49,96,"Pre_Experiment",47.1666666666667
"520",520,"R","5",29,36,18,3,28,49,100,"Pre_Experiment",27.1666666666667
"521",521,"R","2",13,10,7,0,0,13,100,"Pre_Experiment",7.16666666666667
"522",522,"R","7",56,28,35,14,15,39,100,"Pre_Experiment",31.1666666666667
"523",523,"R","6",11,50,26,11,50,50,100,"Pre_Experiment",33
"524",524,"R","1",64,9,35,0,0,33,100,"Pre_Experiment",23.5
"525",525,"R","7",51,100,70,51,51,28,100,"Pre_Experiment",58.5
"526",526,"R","6",100,86,58,30,26,13,100,"Pre_Experiment",52.1666666666667
"527",527,"R","8",49,50,0,53,54,52,100,"Pre_Experiment",43
"528",528,"R","10",51,50,50,51,51,31,100,"Pre_Experiment",47.3333333333333
"529",529,"R","9",90,73,68,43,48,50,100,"Pre_Experiment",62
"530",530,"R","3",0,100,89,29,41,36,100,"Pre_Experiment",49.1666666666667
"531",531,"C","3",92,98,49,0,66,75,100,"Pre_Experiment",63.3333333333333
"532",532,"C","2",64,79,22,5,12,40,100,"Pre_Experiment",37
"533",533,"C","5",53,24,52,20,9,13,100,"Pre_Experiment",28.5
"534",534,"C","4",48,15,12,21,23,20,100,"Pre_Experiment",23.1666666666667
"535",535,"C","6",69,37,48,12,38,50,100,"Pre_Experiment",42.3333333333333
"536",536,"C","1",100,4,21,1,28,21,100,"Pre_Experiment",29.1666666666667
"537",537,"C","4",47,18,78,0,14,11,100,"Pre_Experiment",28
"538",538,"C","2",97,9,93,1,1,2,98,"Pre_Experiment",33.8333333333333
"539",539,"C","8",100,0,2,0,1,0,100,"Pre_Experiment",17.1666666666667
"540",540,"C","10",11,73,11,42,34,53,99,"Pre_Experiment",37.3333333333333
"541",541,"C","5",77,38,49,1,3,19,100,"Pre_Experiment",31.1666666666667
"542",542,"C","9",0,49,65,49,51,65,100,"Pre_Experiment",46.5
"543",543,"C","6",34,32,44,6,46,42,100,"Pre_Experiment",34
"544",544,"C","1",14,10,8,7,7,10,100,"Pre_Experiment",9.33333333333333
"545",545,"C","7",30,23,93,10,98,74,100,"Pre_Experiment",54.6666666666667
"546",546,"C","3",72,100,100,11,48,85,100,"Pre_Experiment",69.3333333333333
"547",547,"S","12",10,15,48,5,4,29,91,"Pre_Experiment",18.5
"548",548,"S","20",50,32,52,0,50,16,100,"Pre_Experiment",33.3333333333333
"549",549,"S","15",55,52,26,13,38,44,100,"Pre_Experiment",38
"550",550,"S","17",100,50,53,17,40,55,100,"Pre_Experiment",52.5
"551",551,"S","19",17,6,54,5,5,7,100,"Pre_Experiment",15.6666666666667
"553",553,"S","11",30,59,29,9,28,14,100,"Pre_Experiment",28.1666666666667
"554",554,"S","13",30,48,16,8,14,37,100,"Pre_Experiment",25.5
"555",555,"S","14",82,100,66,52,66,63,100,"Pre_Experiment",71.5
"556",556,"S","18",57,13,54,50,50,52,100,"Pre_Experiment",46
"557",557,"R","21",32,27,31,20,48,50,100,"Pre_Experiment",34.6666666666667
"558",558,"R","24",54,38,53,29,20,27,100,"Pre_Experiment",36.8333333333333
"559",559,"R","22",66,59,60,47,25,68,100,"Pre_Experiment",54.1666666666667
"560",560,"R","28",52,23,22,10,8,7,92,"Pre_Experiment",20.3333333333333
"561",561,"R","27",51,22,38,7,47,14,100,"Pre_Experiment",29.8333333333333
"562",562,"R","25",18,15,12,18,13,15,100,"Pre_Experiment",15.1666666666667
"563",563,"R","23",24,10,13,0,0,13,100,"Pre_Experiment",10
"564",564,"R","30",100,81,44,48,68,55,100,"Pre_Experiment",66
"565",565,"R","29",17,3,25,6,5,48,100,"Pre_Experiment",17.3333333333333
"567",567,"R","5",44,39,75,10,12,49,100,"Pre_Experiment",38.1666666666667
"568",568,"R","3",58,61,2,14,7,58,85,"Pre_Experiment",33.3333333333333
"569",569,"R","2",50,39,68,18,50,27,100,"Pre_Experiment",42
"570",570,"R","9",71,46,46,46,12,33,100,"Pre_Experiment",42.3333333333333
"571",571,"R","4",49,47,99,100,45,48,100,"Pre_Experiment",64.6666666666667
"572",572,"R","7",75,93,39,40,28,48,100,"Pre_Experiment",53.8333333333333
"573",573,"C","6",26,27,13,0,13,21,100,"Pre_Experiment",16.6666666666667
"574",574,"C","7",100,10,100,5,100,24,100,"Pre_Experiment",56.5
"575",575,"C","5",52,64,52,59,67,38,100,"Pre_Experiment",55.3333333333333
"576",576,"C","4",77,71,52,9,61,40,100,"Pre_Experiment",51.6666666666667
"577",577,"C","10",51,32,30,3,18,35,100,"Pre_Experiment",28.1666666666667
"578",578,"C","9",23,11,16,5,12,10,100,"Pre_Experiment",12.8333333333333
"579",579,"C","1",50,24,78,15,41,27,100,"Pre_Experiment",39.1666666666667
"580",580,"C","2",49,0,50,0,51,0,100,"Pre_Experiment",25
"581",581,"S","8",62,70,60,39,65,37,100,"Pre_Experiment",55.5
"582",582,"S","10",60,59,8,6,55,23,100,"Pre_Experiment",35.1666666666667
"583",583,"S","6",59,38,32,16,31,46,100,"Pre_Experiment",37
"584",584,"S","9",77,68,50,39,80,67,100,"Pre_Experiment",63.5
"585",585,"S","1",0,8,0,41,50,18,100,"Pre_Experiment",19.5
"586",586,"S","3",52,54,41,39,62,42,100,"Pre_Experiment",48.3333333333333
"587",587,"S","2",15,51,48,48,21,18,100,"Pre_Experiment",33.5
"588",588,"S","3",38,57,58,77,45,32,100,"Pre_Experiment",51.1666666666667
"589",589,"S","5",68,66,51,50,52,61,100,"Pre_Experiment",58
"590",590,"C","1",81,58,44,48,49,45,100,"Pre_Experiment",54.1666666666667
"591",591,"C","4",100,21,56,27,53,69,100,"Pre_Experiment",54.3333333333333
"592",592,"C","3",1,2,73,0,2,1,100,"Pre_Experiment",13.1666666666667
"593",593,"C","2",59,26,39,19,4,33,100,"Pre_Experiment",30
"594",594,"C","C5",100,100,100,52,72,49,100,"Pre_Experiment",78.8333333333333
"596",596,"C","C7",85,100,100,16,11,50,100,"Pre_Experiment",60.3333333333333
"598",598,"C","C8",51,100,95,26,49,41,100,"Pre_Experiment",60.3333333333333
"599",599,"C","C1",82,72,29,14,15,52,100,"Pre_Experiment",44
"600",600,"C","C2",100,77,33,10,0,49,100,"Pre_Experiment",44.8333333333333
"602",602,"C","C9",73,53,73,51,73,49,100,"Pre_Experiment",62
"603",603,"R","R9",51,38,51,16,11,32,100,"Pre_Experiment",33.1666666666667
"604",604,"R","R1",71,75,66,16,6,14,100,"Pre_Experiment",41.3333333333333
"605",605,"R","R6",100,60,100,32,53,35,100,"Pre_Experiment",63.3333333333333
"606",606,"R","R2",44,34,72,3,14,25,100,"Pre_Experiment",32
"607",607,"R","R10",59,49,57,3,2,6,100,"Pre_Experiment",29.3333333333333
"608",608,"R","R4",16,43,76,45,72,29,100,"Pre_Experiment",46.8333333333333
"609",609,"S","S6",17,19,37,13,31,11,100,"Pre_Experiment",21.3333333333333
"610",610,"S","S8",59,73,31,2,6,13,100,"Pre_Experiment",30.6666666666667
"611",611,"S","S9",89,90,73,65,49,10,100,"Pre_Experiment",62.6666666666667
"612",612,"S","S5",100,50,54,49,50,54,100,"Pre_Experiment",59.5
"613",613,"S","S2",98,95,77,0,91,85,100,"Pre_Experiment",74.3333333333333
"614",614,"S","S7",24,42,37,13,43,2,100,"Pre_Experiment",26.8333333333333
"615",615,"S","S10",63,82,82,38,28,27,100,"Pre_Experiment",53.3333333333333
"616",616,"S","S3",49,38,48,31,6,50,100,"Pre_Experiment",37
"617",617,"S","S1",69,14,96,26,57,49,100,"Pre_Experiment",51.8333333333333
"618",618,"R","R3",48,49,65,13,31,32,100,"Pre_Experiment",39.6666666666667
"619",619,"R","R8",53,74,18,17,13,49,100,"Pre_Experiment",37.3333333333333
"620",620,"R","R7",61,57,56,70,69,51,100,"Pre_Experiment",60.6666666666667
"621",621,"R","R1",51,63,62,43,68,51,100,"Pre_Experiment",56.3333333333333
"622",622,"R","R5",87,87,47,15,77,41,100,"Pre_Experiment",59
"623",623,"R","R9",48,50,70,22,50,49,100,"Pre_Experiment",48.1666666666667
"624",624,"R","R6",49,50,33,0,0,0,100,"Pre_Experiment",22
"625",625,"R","R4",100,100,47,0,49,49,100,"Pre_Experiment",57.5
"626",626,"R","R2",32,53,73,54,77,53,100,"Pre_Experiment",57
"627",627,"C","C1",85,84,72,15,73,42,100,"Pre_Experiment",61.8333333333333
"628",628,"C","C7",40,76,43,54,21,14,100,"Pre_Experiment",41.3333333333333
"630",630,"C","C8",61,28,74,32,74,31,100,"Pre_Experiment",50
"631",631,"C","c9",28,54,63,29,38,18,100,"Pre_Experiment",38.3333333333333
"633",633,"C","C2",37,21,50,15,7,28,100,"Pre_Experiment",26.3333333333333
"634",634,"C","C5",51,76,9,49,29,35,100,"Pre_Experiment",41.5
"635",635,"C","C3",90,64,66,40,51,34,100,"Pre_Experiment",57.5
"636",636,"S","S4",74,39,66,27,27,35,100,"Pre_Experiment",44.6666666666667
"637",637,"S","7",50,50,32,0,10,5,100,"Pre_Experiment",24.5
"638",638,"S","S5",24,70,15,14,22,54,100,"Pre_Experiment",33.1666666666667
"639",639,"S","S6",4,7,2,7,52,9,100,"Pre_Experiment",13.5
"640",640,"S","S9",100,77,59,52,72,52,100,"Pre_Experiment",68.6666666666667
"641",641,"S","2",0,0,30,0,2,0,100,"Pre_Experiment",5.33333333333333
"642",642,"S","S1",44,14,35,26,15,17,100,"Pre_Experiment",25.1666666666667
"643",643,"S","S3",50,72,65,10,31,49,100,"Pre_Experiment",46.1666666666667
"644",644,"S","S10",0,0,62,0,0,10,100,"Pre_Experiment",12
"645",645,"S","8",73,95,8,49,21,10,100,"Pre_Experiment",42.6666666666667
"646",646,"S","7",94,100,7,5,5,37,89,"Pre_Experiment",41.3333333333333
"647",647,"S","2",13,5,10,9,2,4,100,"Pre_Experiment",7.16666666666667
"648",648,"S","0",100,100,19,99,11,100,100,"Pre_Experiment",71.5
"649",649,"S","4",69,55,40,41,48,43,100,"Pre_Experiment",49.3333333333333
"650",650,"S","5",0,3,3,5,0,6,100,"Pre_Experiment",2.83333333333333
"651",651,"S","1",70,81,4,27,3,55,100,"Pre_Experiment",40
"652",652,"S","3",17,84,37,13,5,20,100,"Pre_Experiment",29.3333333333333
"653",653,"S","8",74,16,1,9,2,7,100,"Pre_Experiment",18.1666666666667
"654",654,"R","15",53,74,8,55,5,50,100,"Pre_Experiment",40.8333333333333
"655",655,"R","14",100,87,20,56,46,72,100,"Pre_Experiment",63.5
"656",656,"R","10",34,60,28,33,50,28,100,"Pre_Experiment",38.8333333333333
"657",657,"R","16",52,38,50,0,47,55,100,"Pre_Experiment",40.3333333333333
"658",658,"R","11",47,65,36,1,2,49,100,"Pre_Experiment",33.3333333333333
"659",659,"R","13",10,12,5,4,5,4,100,"Pre_Experiment",6.66666666666667
"660",660,"R","9",100,100,47,45,53,50,100,"Pre_Experiment",65.8333333333333
"661",661,"C","24",49,50,0,43,42,8,100,"Pre_Experiment",32
"662",662,"C","23",49,16,32,23,11,18,100,"Pre_Experiment",24.8333333333333
"663",663,"C","25",15,19,9,15,12,24,100,"Pre_Experiment",15.6666666666667
"664",664,"C","22",79,89,60,56,47,59,100,"Pre_Experiment",65
"665",665,"C","20",48,51,55,56,57,4,92,"Pre_Experiment",45.1666666666667
"666",666,"C","18",48,100,52,5,10,45,52,"Pre_Experiment",43.3333333333333
"667",667,"C","19",96,99,0,54,50,52,100,"Pre_Experiment",58.5
"668",668,"C","17",96,63,7,52,12,52,100,"Pre_Experiment",47
"669",669,"R","01",49,55,50,1,50,4,100,"Pre_Experiment",34.8333333333333
"670",670,"R","09",51,35,51,23,48,33,100,"Pre_Experiment",40.1666666666667
"671",671,"R","02",52,54,51,23,25,19,100,"Pre_Experiment",37.3333333333333
"672",672,"R","05",47,50,40,0,8,0,100,"Pre_Experiment",24.1666666666667
"673",673,"R","08",50,51,76,18,48,28,100,"Pre_Experiment",45.1666666666667
"674",674,"R","04",73,75,78,50,64,64,100,"Pre_Experiment",67.3333333333333
"675",675,"R","07",52,52,35,26,39,52,55,"Pre_Experiment",42.6666666666667
"676",676,"S","07",55,53,53,47,34,28,100,"Pre_Experiment",45
"677",677,"S","05",47,46,68,13,49,5,100,"Pre_Experiment",38
"678",678,"S","08",45,47,100,0,45,0,100,"Pre_Experiment",39.5
"679",679,"S","04",84,91,87,50,50,53,98,"Pre_Experiment",69.1666666666667
"680",680,"S","02",59,67,58,16,41,49,100,"Pre_Experiment",48.3333333333333
"681",681,"S","09",90,100,90,27,29,26,100,"Pre_Experiment",60.3333333333333
"682",682,"S","06",47,48,77,48,50,49,100,"Pre_Experiment",53.1666666666667
"683",683,"S","01",77,42,38,33,28,17,100,"Pre_Experiment",39.1666666666667
"684",684,"S","03",92,33,85,28,26,51,100,"Pre_Experiment",52.5
"685",685,"C","06",6,5,4,14,1,15,100,"Pre_Experiment",7.5
"686",686,"C","03",50,85,21,49,49,28,100,"Pre_Experiment",47
"687",687,"C","02",0,47,21,0,16,10,100,"Pre_Experiment",15.6666666666667
"688",688,"C","05",10,6,13,4,2,25,100,"Pre_Experiment",10
"689",689,"C","10",52,68,73,6,27,34,100,"Pre_Experiment",43.3333333333333
"690",690,"C","01",10,29,14,12,22,3,100,"Pre_Experiment",15
"691",691,"C","08",51,54,51,22,54,26,81,"Pre_Experiment",43
"692",692,"C","09",61,52,47,16,50,52,100,"Pre_Experiment",46.3333333333333
"13",1,"S","9",77,52,28,49,50,53,81,"Post_Experiment",51.5
"225",2,"S","6",10,17,4,8,4,1,99,"Post_Experiment",7.33333333333333
"31",3,"S","4",52,71,41,39,39,55,100,"Post_Experiment",49.5
"41",4,"S","5",24,48,3,48,5,41,57,"Post_Experiment",28.1666666666667
"54",5,"S","3",67,75,61,71,59,55,54,"Post_Experiment",64.6666666666667
"629",6,"S","8",50,77,49,52,41,36,85,"Post_Experiment",50.8333333333333
"710",7,"S","7",6,2,2,2,1,2,94,"Post_Experiment",2.5
"81",8,"S","2",68,51,68,51,60,37,98,"Post_Experiment",55.8333333333333
"93",9,"S","1",68,67,51,63,51,58,86,"Post_Experiment",59.6666666666667
"1110",11,"C","8",23,17,8,16,18,1,50,"Post_Experiment",13.8333333333333
"127",12,"C","7",60,49,40,30,30,29,79,"Post_Experiment",39.6666666666667
"165",16,"C","3",25,37,9,19,21,25,66,"Post_Experiment",22.6666666666667
"1710",17,"C","2",63,65,65,67,67,51,64,"Post_Experiment",63
"1810",18,"R","6",42,40,0,29,23,50,100,"Post_Experiment",30.6666666666667
"1910",19,"R","2",16,29,3,14,17,15,73,"Post_Experiment",15.6666666666667
"2010",20,"R","8",79,15,25,10,7,10,92,"Post_Experiment",24.3333333333333
"2110",21,"R","7",71,22,20,15,23,32,94,"Post_Experiment",30.5
"2210",22,"R","3",49,0,56,48,0,49,100,"Post_Experiment",33.6666666666667
"235",23,"R","5",59,56,57,38,48,55,91,"Post_Experiment",52.1666666666667
"2410",24,"R","1",63,69,84,78,83,54,69,"Post_Experiment",71.8333333333333
"251",25,"R","4",72,78,45,49,5,54,100,"Post_Experiment",50.5
"261",26,"C","10",72,100,78,33,33,65,100,"Post_Experiment",63.5
"272",27,"C","2",45,52,72,27,12,51,100,"Post_Experiment",43.1666666666667
"2810",28,"C","3",47,48,50,44,66,63,100,"Post_Experiment",53
"294",29,"C","8",25,20,28,4,14,24,100,"Post_Experiment",19.1666666666667
"309",30,"C","6",100,100,52,100,51,50,100,"Post_Experiment",75.5
"324",32,"C","7",46,72,29,50,50,54,100,"Post_Experiment",50.1666666666667
"3310",33,"C","1",44,78,100,41,44,11,100,"Post_Experiment",53
"342",34,"C","4",55,43,39,69,81,70,100,"Post_Experiment",59.5
"3510",35,"C","5",100,100,100,100,100,100,100,"Post_Experiment",100
"3610",36,"R","9",92,100,100,48,53,48,93,"Post_Experiment",73.5
"3710",37,"R","5",50,47,51,55,49,45,85,"Post_Experiment",49.5
"385",38,"R","8",42,65,79,15,18,25,88,"Post_Experiment",40.6666666666667
"3910",39,"R","6",49,59,100,57,81,6,91,"Post_Experiment",58.6666666666667
"408",40,"R","3",51,56,67,17,17,28,100,"Post_Experiment",39.3333333333333
"4210",42,"R","10",91,51,86,21,22,9,90,"Post_Experiment",46.6666666666667
"434",43,"R","2",49,79,27,41,61,49,54,"Post_Experiment",51
"445",44,"R","1",46,19,59,19,0,44,96,"Post_Experiment",31.1666666666667
"4510",45,"R","7",88,93,81,52,65,54,100,"Post_Experiment",72.1666666666667
"4610",46,"S","9",89,90,78,82,50,70,100,"Post_Experiment",76.5
"4710",47,"S","1",64,9,7,14,13,12,98,"Post_Experiment",19.8333333333333
"499",49,"S","4",52,100,100,49,99,5,96,"Post_Experiment",67.5
"503",50,"S","2",100,97,95,100,65,51,100,"Post_Experiment",84.6666666666667
"5110",51,"S","10",64,81,57,49,52,51,100,"Post_Experiment",59
"5210",52,"S","8",100,100,100,47,100,49,100,"Post_Experiment",82.6666666666667
"5310",53,"S","7",99,14,51,47,13,52,96,"Post_Experiment",46
"552",55,"S","6",35,100,56,26,49,61,100,"Post_Experiment",54.5
"5710",57,"R","1",70,71,68,87,60,67,100,"Post_Experiment",70.5
"5810",58,"R","9",68,66,10,51,0,52,100,"Post_Experiment",41.1666666666667
"595",59,"R","10",60,76,0,69,0,9,100,"Post_Experiment",35.6666666666667
"601",60,"R","2",91,100,21,73,23,85,100,"Post_Experiment",65.5
"6110",61,"C","9",46,60,6,22,3,56,100,"Post_Experiment",32.1666666666667
"6210",62,"C","5",69,69,29,20,43,55,100,"Post_Experiment",47.5
"632",63,"C","6",72,58,32,54,42,65,100,"Post_Experiment",53.8333333333333
"6410",64,"C","8",78,56,32,29,51,39,100,"Post_Experiment",47.5
"6510",65,"C","7",79,80,17,24,71,52,100,"Post_Experiment",53.8333333333333
"6610",66,"S","8",61,49,8,48,50,27,100,"Post_Experiment",40.5
"6710",67,"S","2",100,100,86,69,30,82,100,"Post_Experiment",77.8333333333333
"6810",68,"S","10",100,97,54,54,53,77,100,"Post_Experiment",72.5
"693",69,"S","9",40,63,9,14,16,21,100,"Post_Experiment",27.1666666666667
"701",70,"S","1",50,49,1,75,26,42,100,"Post_Experiment",40.5
"711",71,"S","4",72,10,59,1,1,17,100,"Post_Experiment",26.6666666666667
"721",72,"S","5",33,35,14,15,13,28,100,"Post_Experiment",23
"731",73,"S","3",1,1,33,3,7,4,99,"Post_Experiment",8.16666666666667
"741",74,"S","1",74,52,50,8,50,50,100,"Post_Experiment",47.3333333333333
"751",75,"S","6",48,61,41,58,53,66,100,"Post_Experiment",54.5
"761",76,"S","7",48,51,51,51,55,25,100,"Post_Experiment",46.8333333333333
"771",77,"R","6",77,64,48,58,53,52,100,"Post_Experiment",58.6666666666667
"781",78,"R","1",48,100,0,0,0,9,100,"Post_Experiment",26.1666666666667
"791",79,"R","2",44,13,81,3,11,39,100,"Post_Experiment",31.8333333333333
"801",80,"R","3",19,25,16,5,11,23,100,"Post_Experiment",16.5
"821",82,"R","8",1,49,3,3,1,13,100,"Post_Experiment",11.6666666666667
"831",83,"R","7",82,70,57,37,68,73,100,"Post_Experiment",64.5
"841",84,"R","9",100,86,43,31,34,35,100,"Post_Experiment",54.8333333333333
"851",85,"R","5",51,62,77,3,14,13,100,"Post_Experiment",36.6666666666667
"861",86,"C","4",54,87,88,50,100,57,100,"Post_Experiment",72.6666666666667
"871",87,"C","2",30,35,46,14,43,44,100,"Post_Experiment",35.3333333333333
"881",88,"C","7",82,83,39,70,22,99,80,"Post_Experiment",65.8333333333333
"891",89,"C","1",94,100,22,69,62,70,100,"Post_Experiment",69.5
"901",90,"C","6",96,40,73,52,84,69,55,"Post_Experiment",69
"911",91,"C","5",54,47,75,74,75,52,99,"Post_Experiment",62.8333333333333
"921",92,"C","3",72,84,85,85,77,75,100,"Post_Experiment",79.6666666666667
"941",94,"S","2",52,97,57,19,14,69,100,"Post_Experiment",51.3333333333333
"951",95,"S","4",76,29,27,44,52,43,100,"Post_Experiment",45.1666666666667
"961",96,"S","3",91,95,89,76,57,53,100,"Post_Experiment",76.8333333333333
"971",97,"S","1",73,76,81,60,83,52,100,"Post_Experiment",70.8333333333333
"981",98,"R","1",74,66,74,50,63,37,100,"Post_Experiment",60.6666666666667
"991",99,"R","4",100,100,100,100,48,55,100,"Post_Experiment",83.8333333333333
"1001",100,"R","3",51,100,100,0,47,51,100,"Post_Experiment",58.1666666666667
"1011",101,"R","2",9,17,15,19,21,18,100,"Post_Experiment",16.5
"1021",102,"C","7",81,66,53,5,32,38,100,"Post_Experiment",45.8333333333333
"1031",103,"C","3",59,95,49,50,54,41,100,"Post_Experiment",58
"1041",104,"C","5",59,75,52,51,50,60,100,"Post_Experiment",57.8333333333333
"1051",105,"C","8",94,100,92,98,93,76,100,"Post_Experiment",92.1666666666667
"1061",106,"C","10",59,48,40,30,48,49,100,"Post_Experiment",45.6666666666667
"1071",107,"C","9",13,31,26,20,36,0,100,"Post_Experiment",21
"1091",109,"C","1",78,84,81,72,68,60,100,"Post_Experiment",73.8333333333333
"1101",110,"C","4",58,38,56,48,49,35,100,"Post_Experiment",47.3333333333333
"1111",111,"S","2",26,47,28,20,25,27,100,"Post_Experiment",28.8333333333333
"1121",112,"S","4",100,100,100,100,100,100,100,"Post_Experiment",100
"1131",113,"S","7",100,88,54,51,34,51,100,"Post_Experiment",63
"1141",114,"S","6",100,100,55,63,36,50,100,"Post_Experiment",67.3333333333333
"1151",115,"S","5",100,100,20,28,27,75,100,"Post_Experiment",58.3333333333333
"1161",116,"S","1",91,99,100,99,95,56,100,"Post_Experiment",90
"1171",117,"S","3",90,90,79,67,66,50,100,"Post_Experiment",73.6666666666667
"1181",118,"R","6",100,100,47,52,54,29,100,"Post_Experiment",63.6666666666667
"1191",119,"R","3",49,75,49,24,23,30,100,"Post_Experiment",41.6666666666667
"1201",120,"R","1",100,50,53,75,56,48,100,"Post_Experiment",63.6666666666667
"1211",121,"R","2",100,51,0,0,0,7,100,"Post_Experiment",26.3333333333333
"1221",122,"R","4",49,31,83,13,66,19,100,"Post_Experiment",43.5
"1231",123,"R","5",46,64,19,15,16,21,100,"Post_Experiment",30.1666666666667
"1241",124,"C","2",71,73,17,54,57,17,100,"Post_Experiment",48.1666666666667
"1251",125,"C","4",100,100,8,53,12,31,95,"Post_Experiment",50.6666666666667
"1261",126,"C","05",100,11,7,7,10,53,100,"Post_Experiment",31.3333333333333
"1281",128,"C","3",77,78,73,38,56,15,100,"Post_Experiment",56.1666666666667
"1291",129,"C","7",48,48,57,40,65,26,100,"Post_Experiment",47.3333333333333
"1301",130,"C","6",100,100,3,40,22,52,100,"Post_Experiment",52.8333333333333
"1311",131,"S","8",27,33,30,32,35,54,100,"Post_Experiment",35.1666666666667
"1321",132,"S","6",50,74,40,32,45,68,100,"Post_Experiment",51.5
"1331",133,"S","7",71,79,63,61,58,62,100,"Post_Experiment",65.6666666666667
"1341",134,"S","4",70,35,14,11,17,29,100,"Post_Experiment",29.3333333333333
"1351",135,"S","5",73,72,53,50,27,33,100,"Post_Experiment",51.3333333333333
"1361",136,"S","3",55,57,56,17,53,57,100,"Post_Experiment",49.1666666666667
"1371",137,"S","1",100,100,84,90,100,53,100,"Post_Experiment",87.8333333333333
"1381",138,"S","2",58,100,54,47,55,48,100,"Post_Experiment",60.3333333333333
"1391",139,"C","6",61,42,1,6,11,50,95,"Post_Experiment",28.5
"1401",140,"C","4",22,46,7,2,3,17,100,"Post_Experiment",16.1666666666667
"1411",141,"C","2",30,31,29,15,35,28,100,"Post_Experiment",28
"1421",142,"C","1",15,24,27,20,49,18,90,"Post_Experiment",25.5
"1431",143,"C","3",82,83,64,9,53,43,100,"Post_Experiment",55.6666666666667
"1441",144,"C","5",69,77,49,36,33,19,100,"Post_Experiment",47.1666666666667
"1461",146,"R","1",47,49,47,11,12,14,100,"Post_Experiment",30
"1471",147,"R","8",41,37,14,16,28,28,100,"Post_Experiment",27.3333333333333
"1481",148,"R","7",31,76,46,52,51,38,100,"Post_Experiment",49
"1491",149,"R","6",69,81,58,60,50,59,100,"Post_Experiment",62.8333333333333
"1501",150,"R","2",45,52,19,36,48,18,100,"Post_Experiment",36.3333333333333
"1511",151,"R","3",51,51,39,52,51,50,100,"Post_Experiment",49
"1521",152,"R","4",51,25,22,0,32,26,100,"Post_Experiment",26
"1531",153,"S","S05",76,80,77,59,69,72,100,"Post_Experiment",72.1666666666667
"1541",154,"S","502",63,32,49,14,38,44,100,"Post_Experiment",40
"1561",156,"S","506",77,75,64,56,64,49,100,"Post_Experiment",64.1666666666667
"1571",157,"S","504",0,18,18,1,18,26,100,"Post_Experiment",13.5
"1581",158,"S","S10",42,28,46,0,48,50,100,"Post_Experiment",35.6666666666667
"1591",159,"S","S07",67,62,56,84,62,67,100,"Post_Experiment",66.3333333333333
"1601",160,"S","501",58,60,55,32,41,41,100,"Post_Experiment",47.8333333333333
"1611",161,"S","509",52,51,83,66,51,52,86,"Post_Experiment",59.1666666666667
"1621",162,"R","R07",100,100,73,71,48,50,100,"Post_Experiment",73.6666666666667
"1631",163,"R","R01",4,11,33,0,53,28,100,"Post_Experiment",21.5
"1641",164,"R","R06",66,75,68,34,50,48,57,"Post_Experiment",56.8333333333333
"1661",166,"R","R10",95,64,79,14,7,26,100,"Post_Experiment",47.5
"1671",167,"R","R08",86,70,79,25,58,69,100,"Post_Experiment",64.5
"1681",168,"R","R04",100,64,51,51,54,0,100,"Post_Experiment",53.3333333333333
"1691",169,"R","R02",63,55,49,3,5,13,100,"Post_Experiment",31.3333333333333
"1701",170,"R","R09",31,35,25,10,26,9,100,"Post_Experiment",22.6666666666667
"1711",171,"R","R03",8,39,47,12,27,28,100,"Post_Experiment",26.8333333333333
"1721",172,"C","C03",49,23,77,0,62,11,100,"Post_Experiment",37
"1731",173,"C","C10",52,39,52,0,49,0,100,"Post_Experiment",32
"1741",174,"C","C07",80,47,61,27,76,61,100,"Post_Experiment",58.6666666666667
"1751",175,"C","C02",49,68,46,9,40,56,100,"Post_Experiment",44.6666666666667
"1761",176,"C","C09",70,88,68,49,61,35,100,"Post_Experiment",61.8333333333333
"1771",177,"C","C08",21,25,23,22,42,67,79,"Post_Experiment",33.3333333333333
"1781",178,"C","05",20,26,25,16,19,35,100,"Post_Experiment",23.5
"1791",179,"C","C01",51,67,56,5,25,36,100,"Post_Experiment",40
"1801",180,"C","C04",50,67,60,48,47,50,98,"Post_Experiment",53.6666666666667
"1811",181,"C","C06",39,35,46,10,18,50,69,"Post_Experiment",33
"1821",182,"R","5",79,52,51,66,66,52,100,"Post_Experiment",61
"1831",183,"R","6",87,96,83,24,29,46,100,"Post_Experiment",60.8333333333333
"1841",184,"R","5",67,64,31,23,36,47,100,"Post_Experiment",44.6666666666667
"1851",185,"R","2",31,46,57,39,50,32,100,"Post_Experiment",42.5
"1861",186,"R","1",82,80,77,40,41,67,100,"Post_Experiment",64.5
"1871",187,"R","4",42,41,19,0,15,2,100,"Post_Experiment",19.8333333333333
"1881",188,"R","3",81,82,33,14,13,31,96,"Post_Experiment",42.3333333333333
"1891",189,"S","1",52,80,37,7,28,51,100,"Post_Experiment",42.5
"1901",190,"S","10",92,92,5,53,6,47,100,"Post_Experiment",49.1666666666667
"1911",191,"S","9",52,55,39,43,44,49,100,"Post_Experiment",47
"1921",192,"S","2",76,70,60,34,32,40,100,"Post_Experiment",52
"1931",193,"S","3",51,66,30,24,46,50,100,"Post_Experiment",44.5
"1941",194,"S","7",59,60,18,13,17,18,98,"Post_Experiment",30.8333333333333
"1951",195,"S","5",52,67,63,68,56,39,100,"Post_Experiment",57.5
"1961",196,"S","4",49,87,19,14,30,43,100,"Post_Experiment",40.3333333333333
"1971",197,"S","6",62,86,26,16,23,28,100,"Post_Experiment",40.1666666666667
"1981",198,"R","6",60,87,63,68,70,57,100,"Post_Experiment",67.5
"1991",199,"R","1",41,88,64,28,35,39,100,"Post_Experiment",49.1666666666667
"2001",200,"R","3",21,30,15,16,12,0,100,"Post_Experiment",15.6666666666667
"2011",201,"R","5",24,79,16,4,9,9,100,"Post_Experiment",23.5
"2021",202,"R","9",64,59,31,30,42,31,100,"Post_Experiment",42.8333333333333
"2031",203,"R","7",48,50,46,53,50,50,100,"Post_Experiment",49.5
"2041",204,"R","4",79,77,68,19,22,36,100,"Post_Experiment",50.1666666666667
"2051",205,"C","6",85,91,46,33,57,27,100,"Post_Experiment",56.5
"2061",206,"C","5",0,0,0,0,25,0,100,"Post_Experiment",4.16666666666667
"2071",207,"C","9",73,70,61,77,66,60,100,"Post_Experiment",67.8333333333333
"2081",208,"C","3",100,100,95,100,85,95,100,"Post_Experiment",95.8333333333333
"2091",209,"C","4",82,100,100,87,85,53,100,"Post_Experiment",84.5
"2101",210,"C","10",94,97,65,83,81,63,100,"Post_Experiment",80.5
"2111",211,"C","7",80,72,71,61,51,52,100,"Post_Experiment",64.5
"2121",212,"S","7",25,30,35,34,34,25,100,"Post_Experiment",30.5
"2131",213,"S","8",75,77,70,63,67,42,100,"Post_Experiment",65.6666666666667
"2141",214,"S","4",71,74,71,71,52,54,100,"Post_Experiment",65.5
"2151",215,"S","3",34,32,4,2,4,0,100,"Post_Experiment",12.6666666666667
"2161",216,"S","5",20,20,31,14,31,14,100,"Post_Experiment",21.6666666666667
"2171",217,"S","1",50,70,60,58,63,57,100,"Post_Experiment",59.6666666666667
"2181",218,"S","2",52,33,28,24,21,22,100,"Post_Experiment",30
"2191",219,"S","6",47,73,46,58,37,29,100,"Post_Experiment",48.3333333333333
"2201",220,"R","8",58,100,100,70,100,52,100,"Post_Experiment",80
"2211",221,"R","7",100,100,85,100,92,100,100,"Post_Experiment",96.1666666666667
"2221",222,"R","9",98,84,73,77,67,16,100,"Post_Experiment",69.1666666666667
"2231",223,"R","1",74,74,91,81,73,72,100,"Post_Experiment",77.5
"2241",224,"R","10",100,80,80,91,55,51,100,"Post_Experiment",76.1666666666667
"2261",226,"R","5",100,83,87,87,84,71,100,"Post_Experiment",85.3333333333333
"2271",227,"R","2",75,77,78,89,49,51,100,"Post_Experiment",69.8333333333333
"2281",228,"R","6",49,76,76,50,72,28,100,"Post_Experiment",58.5
"2291",229,"C","1",100,50,21,42,51,11,100,"Post_Experiment",45.8333333333333
"2301",230,"C","8",31,51,68,55,74,51,93,"Post_Experiment",55
"2311",231,"C","4",100,100,68,82,50,35,100,"Post_Experiment",72.5
"2321",232,"C","10",78,75,51,100,84,6,100,"Post_Experiment",65.6666666666667
"2331",233,"C","6",50,37,11,30,18,10,100,"Post_Experiment",26
"2341",234,"C","7",100,81,54,83,20,42,100,"Post_Experiment",63.3333333333333
"2361",236,"C","5",54,68,75,0,64,26,100,"Post_Experiment",47.8333333333333
"2371",237,"C","9",57,86,39,39,46,35,100,"Post_Experiment",50.3333333333333
"2381",238,"C","2",48,100,100,100,50,2,100,"Post_Experiment",66.6666666666667
"2391",239,"R","4",100,100,100,36,96,27,84,"Post_Experiment",76.5
"2401",240,"C","6",13,54,53,5,50,14,100,"Post_Experiment",31.5
"2411",241,"C","3",66,64,20,40,41,40,100,"Post_Experiment",45.1666666666667
"2421",242,"C","4",70,39,16,39,50,48,100,"Post_Experiment",43.6666666666667
"2431",243,"C","1",100,79,68,80,78,50,100,"Post_Experiment",75.8333333333333
"2441",244,"R","1",100,25,100,14,54,11,100,"Post_Experiment",50.6666666666667
"2451",245,"R","7",50,49,16,3,7,4,98,"Post_Experiment",21.5
"2461",246,"R","3",11,13,11,13,9,10,100,"Post_Experiment",11.1666666666667
"2471",247,"R","5",62,80,43,61,55,48,88,"Post_Experiment",58.1666666666667
"2481",248,"R","2",80,63,65,69,64,36,100,"Post_Experiment",62.8333333333333
"2491",249,"R","6",59,71,28,35,44,49,100,"Post_Experiment",47.6666666666667
"2501",250,"R","4",77,75,51,35,51,66,100,"Post_Experiment",59.1666666666667
"2521",252,"S","4",65,73,79,55,73,41,100,"Post_Experiment",64.3333333333333
"2531",253,"S","7",99,98,86,95,58,6,100,"Post_Experiment",73.6666666666667
"2541",254,"S","6",72,81,39,40,72,26,100,"Post_Experiment",55
"2551",255,"S","1",97,99,49,91,54,50,87,"Post_Experiment",73.3333333333333
"2561",256,"S","3",59,60,71,65,77,58,100,"Post_Experiment",65
"2571",257,"S","2",65,64,39,51,51,54,100,"Post_Experiment",54
"2581",258,"S","6",44,21,48,16,33,14,58,"Post_Experiment",29.3333333333333
"2591",259,"S","1",40,33,71,7,48,32,100,"Post_Experiment",38.5
"2601",260,"S","5",96,93,65,53,63,57,84,"Post_Experiment",71.1666666666667
"2621",262,"S","2",70,37,65,50,49,32,100,"Post_Experiment",50.5
"2631",263,"S","4",80,52,50,3,50,50,100,"Post_Experiment",47.5
"2641",264,"S","S8",87,86,66,41,78,77,96,"Post_Experiment",72.5
"2651",265,"S","S5",80,64,68,54,49,81,100,"Post_Experiment",66
"2661",266,"S","S9",87,98,70,74,62,98,100,"Post_Experiment",81.5
"2671",267,"S","S6",52,100,51,50,51,51,99,"Post_Experiment",59.1666666666667
"2681",268,"S","S10",53,54,28,50,51,75,100,"Post_Experiment",51.8333333333333
"2691",269,"S","S1",48,46,44,53,45,100,100,"Post_Experiment",56
"2711",271,"S","S7",48,100,100,100,48,100,100,"Post_Experiment",82.6666666666667
"2731",273,"R","R1",49,50,28,0,24,56,100,"Post_Experiment",34.5
"2741",274,"R","R9",47,55,51,5,26,64,100,"Post_Experiment",41.3333333333333
"2751",275,"R","R2",48,46,49,50,96,47,96,"Post_Experiment",56
"2761",276,"R","R4",54,54,53,54,54,50,100,"Post_Experiment",53.1666666666667
"2781",278,"S","S2",45,93,85,85,100,67,100,"Post_Experiment",79.1666666666667
"2801",280,"R","R6",10,9,13,7,6,4,100,"Post_Experiment",8.16666666666667
"2811",281,"R","R8",4,100,100,10,9,9,100,"Post_Experiment",38.6666666666667
"2821",282,"R","R5",69,16,11,26,33,4,100,"Post_Experiment",26.5
"2831",283,"C","C1",49,100,54,55,48,54,100,"Post_Experiment",60
"2841",284,"C","C9",49,51,49,99,100,49,100,"Post_Experiment",66.1666666666667
"2851",285,"C","C8",100,100,5,100,31,67,100,"Post_Experiment",67.1666666666667
"2861",286,"C","C3",60,100,51,0,54,52,100,"Post_Experiment",52.8333333333333
"2871",287,"C","C2",52,51,55,47,52,9,100,"Post_Experiment",44.3333333333333
"2881",288,"C","C6",83,67,55,61,74,57,100,"Post_Experiment",66.1666666666667
"2891",289,"C","C5",89,89,45,50,50,52,89,"Post_Experiment",62.5
"2901",290,"C","C10",48,94,95,46,97,94,95,"Post_Experiment",79
"2911",291,"C","C7",94,60,61,80,53,73,100,"Post_Experiment",70.1666666666667
"2921",292,"C","C4",12,34,18,28,67,64,100,"Post_Experiment",37.1666666666667
"2931",293,"C","7",77,73,67,25,59,50,100,"Post_Experiment",58.5
"2951",295,"C","2",51,65,52,53,71,49,70,"Post_Experiment",56.8333333333333
"2961",296,"C","B",58,41,40,7,25,47,100,"Post_Experiment",36.3333333333333
"2971",297,"C","1",70,79,83,50,73,73,64,"Post_Experiment",71.3333333333333
"2981",298,"C","4",50,58,49,26,63,24,100,"Post_Experiment",45
"2991",299,"S","7",15,9,11,0,6,5,100,"Post_Experiment",7.66666666666667
"3001",300,"S","4",19,0,21,0,31,0,100,"Post_Experiment",11.8333333333333
"3011",301,"S","5",7,9,9,9,12,10,100,"Post_Experiment",9.33333333333333
"3021",302,"S","1",55,64,73,69,75,78,94,"Post_Experiment",69
"3031",303,"S","6",12,10,9,10,13,11,100,"Post_Experiment",10.8333333333333
"3041",304,"S","3",93,90,20,71,59,30,100,"Post_Experiment",60.5
"3051",305,"R","10",66,34,36,21,17,13,100,"Post_Experiment",31.1666666666667
"3061",306,"R","9",28,76,19,25,24,25,100,"Post_Experiment",32.8333333333333
"3071",307,"R","1",44,37,28,13,17,33,100,"Post_Experiment",28.6666666666667
"3081",308,"R","3",50,64,55,54,50,45,100,"Post_Experiment",53
"3101",310,"R","4",50,47,20,45,65,8,100,"Post_Experiment",39.1666666666667
"3111",311,"R","7",87,53,57,54,55,54,100,"Post_Experiment",60
"3121",312,"R","8",62,88,25,34,29,51,100,"Post_Experiment",48.1666666666667
"3131",313,"R","6",53,52,29,49,49,48,100,"Post_Experiment",46.6666666666667
"3141",314,"C","1",97,79,78,54,55,37,100,"Post_Experiment",66.6666666666667
"3151",315,"C","7",55,48,53,18,48,50,100,"Post_Experiment",45.3333333333333
"3161",316,"C","5",80,12,57,8,9,0,94,"Post_Experiment",27.6666666666667
"3171",317,"C","6",70,76,56,72,60,68,100,"Post_Experiment",67
"3181",318,"C","4",23,39,45,15,42,17,100,"Post_Experiment",30.1666666666667
"3191",319,"C","3",57,92,51,46,50,79,100,"Post_Experiment",62.5
"3201",320,"R","P5",57,61,68,56,65,50,100,"Post_Experiment",59.5
"3211",321,"R","P4",66,74,73,59,71,47,99,"Post_Experiment",65
"3221",322,"R","P6",85,61,56,51,72,57,100,"Post_Experiment",63.6666666666667
"3231",323,"R","P2",73,69,61,60,62,58,99,"Post_Experiment",63.8333333333333
"3251",325,"C","8",39,32,40,10,29,24,88,"Post_Experiment",29
"3261",326,"C","3",100,100,67,58,69,68,100,"Post_Experiment",77
"3271",327,"C","2",50,49,26,21,48,32,100,"Post_Experiment",37.6666666666667
"3281",328,"C","1",30,63,48,24,63,20,100,"Post_Experiment",41.3333333333333
"3291",329,"C","6",100,100,100,14,54,50,100,"Post_Experiment",69.6666666666667
"3301",330,"C","9",37,35,68,36,78,35,82,"Post_Experiment",48.1666666666667
"3311",331,"C","7",71,72,44,28,58,52,78,"Post_Experiment",54.1666666666667
"3321",332,"C","4",69,73,69,58,66,71,100,"Post_Experiment",67.6666666666667
"3331",333,"C","5",49,100,27,52,32,28,100,"Post_Experiment",48
"3341",334,"S","4",65,78,72,45,76,35,100,"Post_Experiment",61.8333333333333
"3351",335,"S","6",42,73,29,33,53,32,100,"Post_Experiment",43.6666666666667
"3361",336,"S","5",13,29,20,9,0,20,100,"Post_Experiment",15.1666666666667
"3371",337,"S","1",100,65,59,8,56,25,100,"Post_Experiment",52.1666666666667
"3381",338,"S","10",13,57,51,0,10,10,100,"Post_Experiment",23.5
"3391",339,"S","7",100,100,69,46,84,50,100,"Post_Experiment",74.8333333333333
"3401",340,"S","9",89,88,74,75,83,85,100,"Post_Experiment",82.3333333333333
"3411",341,"S","2",100,100,63,82,61,69,100,"Post_Experiment",79.1666666666667
"3431",343,"S","3",100,100,54,52,55,50,100,"Post_Experiment",68.5
"3441",344,"S","3Bog03",20,6,6,7,100,4,54,"Post_Experiment",23.8333333333333
"3451",345,"S","3Bog09",12,0,0,0,0,0,100,"Post_Experiment",2
"3461",346,"S","3Bog05",17,25,12,4,14,7,74,"Post_Experiment",13.1666666666667
"3471",347,"S","3Bog04",51,52,5,1,7,7,100,"Post_Experiment",20.5
"3481",348,"S","3Bog01",37,100,0,0,10,8,100,"Post_Experiment",25.8333333333333
"3491",349,"S","3 Bog 07",54,73,93,47,52,6,94,"Post_Experiment",54.1666666666667
"3501",350,"S","3Bog02",0,31,3,3,7,34,100,"Post_Experiment",13
"3511",351,"S","3Bog08",10,35,37,8,23,25,100,"Post_Experiment",23
"3521",352,"S","3Bog06",29,84,83,29,36,49,100,"Post_Experiment",51.6666666666667
"3531",353,"C","1Bog04",18,15,53,1,72,4,100,"Post_Experiment",27.1666666666667
"3541",354,"C","1Bog02",22,20,11,9,14,4,100,"Post_Experiment",13.3333333333333
"3551",355,"C","1Bog03",28,22,49,15,28,22,72,"Post_Experiment",27.3333333333333
"3561",356,"C","1bag08",50,99,56,16,19,26,74,"Post_Experiment",44.3333333333333
"3571",357,"C","1Bog10",42,31,28,16,24,21,81,"Post_Experiment",27
"3581",358,"C","1Bog06",53,54,66,7,49,8,100,"Post_Experiment",39.5
"3591",359,"C","1Bog05",8,31,4,4,5,7,73,"Post_Experiment",9.83333333333333
"3601",360,"C","1Bog09",51,13,13,5,22,8,100,"Post_Experiment",18.6666666666667
"3611",361,"R","2Bog02",49,99,90,1,2,10,97,"Post_Experiment",41.8333333333333
"3621",362,"R","2 Bog 06",52,62,27,47,27,41,100,"Post_Experiment",42.6666666666667
"3631",363,"R","2Bog03",52,51,48,47,48,43,77,"Post_Experiment",48.1666666666667
"3641",364,"R","2Bog01",17,75,22,27,14,35,67,"Post_Experiment",31.6666666666667
"3651",365,"R","2Bog04",63,39,44,31,26,21,100,"Post_Experiment",37.3333333333333
"3661",366,"R","2Bog07",43,32,11,36,27,22,73,"Post_Experiment",28.5
"3671",367,"R","2Bog05",0,40,18,3,0,5,100,"Post_Experiment",11
"3681",368,"R","2 Bog 08",80,79,66,67,58,69,100,"Post_Experiment",69.8333333333333
"3691",369,"S","5",68,100,81,50,51,48,100,"Post_Experiment",66.3333333333333
"3701",370,"S","9",0,0,0,0,0,0,100,"Post_Experiment",0
"3711",371,"S","8",3,3,4,2,8,8,100,"Post_Experiment",4.66666666666667
"3721",372,"S","2",66,51,26,16,51,31,100,"Post_Experiment",40.1666666666667
"3731",373,"S","10",51,71,65,51,50,28,100,"Post_Experiment",52.6666666666667
"3741",374,"S","6",68,41,68,28,51,51,100,"Post_Experiment",51.1666666666667
"3751",375,"S","3",77,67,73,19,27,63,100,"Post_Experiment",54.3333333333333
"3761",376,"R","16",16,74,72,11,48,4,100,"Post_Experiment",37.5
"3771",377,"R","17",54,83,51,43,54,56,100,"Post_Experiment",56.8333333333333
"3781",378,"R","11",51,65,50,10,51,2,100,"Post_Experiment",38.1666666666667
"3791",379,"R","18",74,75,76,48,74,66,100,"Post_Experiment",68.8333333333333
"3801",380,"R","13",54,78,20,34,22,50,100,"Post_Experiment",43
"3811",381,"R","19",50,65,43,18,37,10,100,"Post_Experiment",37.1666666666667
"3821",382,"R","12",100,100,80,51,51,76,100,"Post_Experiment",76.3333333333333
"3831",383,"R","20",64,86,16,17,14,50,100,"Post_Experiment",41.1666666666667
"3841",384,"R","15",80,89,62,60,58,62,100,"Post_Experiment",68.5
"3861",386,"C","27",59,34,37,21,25,16,100,"Post_Experiment",32
"3871",387,"C","29",42,55,68,21,67,39,100,"Post_Experiment",48.6666666666667
"3881",388,"C","28",71,57,52,39,56,40,100,"Post_Experiment",52.5
"3891",389,"C","25",53,60,24,6,34,34,100,"Post_Experiment",35.1666666666667
"3901",390,"C","24",22,27,58,12,23,16,100,"Post_Experiment",26.3333333333333
"3911",391,"C","21",80,84,71,58,47,51,100,"Post_Experiment",65.1666666666667
"3921",392,"C","22",88,74,27,52,38,26,100,"Post_Experiment",50.8333333333333
"3931",393,"C","23",1,15,10,0,11,0,100,"Post_Experiment",6.16666666666667
"3941",394,"C","26",58,55,21,53,17,12,100,"Post_Experiment",36
"3951",395,"S","P1",54,56,49,30,54,45,100,"Post_Experiment",48
"3961",396,"S","P3",69,78,68,64,45,82,100,"Post_Experiment",67.6666666666667
"3971",397,"S","P2",73,82,52,59,41,50,100,"Post_Experiment",59.5
"3981",398,"S","P4",72,71,78,76,57,74,100,"Post_Experiment",71.3333333333333
"3991",399,"C","(I dont remember but will check with you after?)",66,76,34,27,25,8,100,"Post_Experiment",39.3333333333333
"4001",400,"C","Red637",35,35,17,15,14,17,100,"Post_Experiment",22.1666666666667
"4011",401,"C","6",51,100,52,15,61,25,100,"Post_Experiment",50.6666666666667
"4021",402,"C","Green080",52,63,25,38,28,74,100,"Post_Experiment",46.6666666666667
"4031",403,"C","FF941",71,62,50,44,41,36,100,"Post_Experiment",50.6666666666667
"4041",404,"C","Spaghetti De la Hood 9613",47,26,26,6,9,28,100,"Post_Experiment",23.6666666666667
"4051",405,"S","6",74,100,52,66,49,50,100,"Post_Experiment",65.1666666666667
"4061",406,"S","1",48,37,34,10,30,50,100,"Post_Experiment",34.8333333333333
"4071",407,"S","5",83,95,98,77,78,51,100,"Post_Experiment",80.3333333333333
"4091",409,"S","4",50,50,49,50,49,49,100,"Post_Experiment",49.5
"4101",410,"S","MM565",81,87,51,36,21,61,100,"Post_Experiment",56.1666666666667
"4111",411,"S","1",74,74,23,14,10,68,100,"Post_Experiment",43.8333333333333
"4121",412,"S","S",100,100,100,100,77,73,100,"Post_Experiment",91.6666666666667
"4131",413,"S","kt3108",50,50,46,31,43,52,100,"Post_Experiment",45.3333333333333
"4141",414,"S","4",50,71,84,61,64,68,100,"Post_Experiment",66.3333333333333
"4161",416,"C","4",48,46,41,49,50,48,100,"Post_Experiment",47
"4171",417,"C","6",55,0,0,0,48,49,100,"Post_Experiment",25.3333333333333
"4181",418,"C","2",99,85,72,67,77,78,100,"Post_Experiment",79.6666666666667
"4191",419,"C","7",84,100,52,73,50,85,100,"Post_Experiment",74
"4201",420,"C","3",85,79,0,80,19,6,100,"Post_Experiment",44.8333333333333
"4211",421,"C","10",54,98,99,5,79,5,100,"Post_Experiment",56.6666666666667
"4221",422,"S","16",53,52,50,14,50,5,100,"Post_Experiment",37.3333333333333
"4231",423,"S","18",36,51,31,22,28,8,100,"Post_Experiment",29.3333333333333
"4241",424,"S","11",75,68,56,33,35,49,100,"Post_Experiment",52.6666666666667
"4251",425,"S","13",74,39,60,13,63,3,100,"Post_Experiment",42
"4261",426,"S","17",60,89,66,38,66,65,100,"Post_Experiment",64
"4271",427,"S","15",44,52,35,35,44,54,100,"Post_Experiment",44
"4281",428,"R","30",82,71,32,68,28,77,100,"Post_Experiment",59.6666666666667
"4291",429,"R","29",100,83,22,42,27,33,100,"Post_Experiment",51.1666666666667
"4301",430,"R","22",19,15,9,31,38,35,100,"Post_Experiment",24.5
"4311",431,"R","23",49,71,52,0,51,0,100,"Post_Experiment",37.1666666666667
"4321",432,"R","27",62,55,24,40,26,31,100,"Post_Experiment",39.6666666666667
"4331",433,"R","25",24,16,0,0,16,22,100,"Post_Experiment",13
"4351",435,"R","24",49,29,73,6,30,30,100,"Post_Experiment",36.1666666666667
"4361",436,"R","21",85,54,13,5,5,8,100,"Post_Experiment",28.3333333333333
"4371",437,"R","7",44,43,55,39,51,37,100,"Post_Experiment",44.8333333333333
"4381",438,"R","2",31,50,61,23,37,34,100,"Post_Experiment",39.3333333333333
"4391",439,"R","1",52,51,53,9,52,23,100,"Post_Experiment",40
"4401",440,"R","14087385",58,78,29,2,10,3,100,"Post_Experiment",30
"4411",441,"R","4",37,51,50,31,21,51,100,"Post_Experiment",40.1666666666667
"4421",442,"R","3",44,76,68,49,49,44,100,"Post_Experiment",55
"4431",443,"R","R4",82,24,66,14,27,27,100,"Post_Experiment",40
"4441",444,"R","R1",72,55,7,16,9,30,100,"Post_Experiment",31.5
"4461",446,"R","R7",73,78,65,64,66,63,100,"Post_Experiment",68.1666666666667
"4471",447,"R","R8",67,79,56,28,41,59,100,"Post_Experiment",55
"4481",448,"R","R5",64,66,71,47,100,64,76,"Post_Experiment",68.6666666666667
"4491",449,"R","R9",60,74,18,41,34,70,100,"Post_Experiment",49.5
"4501",450,"R","R2",59,66,52,56,61,54,100,"Post_Experiment",58
"4511",451,"R","R6",100,84,74,57,56,51,100,"Post_Experiment",70.3333333333333
"4521",452,"S","S5",55,63,65,34,61,53,100,"Post_Experiment",55.1666666666667
"4531",453,"S","S1",75,83,49,19,17,50,100,"Post_Experiment",48.8333333333333
"4541",454,"S","S3",47,68,56,49,61,51,100,"Post_Experiment",55.3333333333333
"4551",455,"S","S8",67,86,49,51,57,74,100,"Post_Experiment",64
"4561",456,"S","S9",88,86,60,53,54,67,100,"Post_Experiment",68
"4571",457,"S","S7",69,79,54,66,54,51,100,"Post_Experiment",62.1666666666667
"4581",458,"R","4",23,55,0,14,0,18,100,"Post_Experiment",18.3333333333333
"4591",459,"R","3",50,64,63,65,58,49,100,"Post_Experiment",58.1666666666667
"4601",460,"R","5",75,60,66,57,41,38,100,"Post_Experiment",56.1666666666667
"4611",461,"R","2",93,86,95,70,85,51,100,"Post_Experiment",80
"4621",462,"R","1",70,77,51,22,38,65,100,"Post_Experiment",53.8333333333333
"4631",463,"S","3",24,66,52,35,24,40,100,"Post_Experiment",40.1666666666667
"4641",464,"S","7",100,100,68,49,36,67,100,"Post_Experiment",70
"4651",465,"S","6",58,85,78,54,54,50,100,"Post_Experiment",63.1666666666667
"4661",466,"S","5",44,43,58,34,34,75,100,"Post_Experiment",48
"4671",467,"S","2",48,71,43,6,45,28,100,"Post_Experiment",40.1666666666667
"4681",468,"S","1",72,87,51,64,52,64,100,"Post_Experiment",65
"4691",469,"R","4",79,55,51,18,49,31,100,"Post_Experiment",47.1666666666667
"4701",470,"R","3",67,77,50,24,12,48,100,"Post_Experiment",46.3333333333333
"4711",471,"R","5",16,7,29,13,19,23,100,"Post_Experiment",17.8333333333333
"4721",472,"R","1",12,100,100,0,9,7,100,"Post_Experiment",38
"4731",473,"R","2",50,54,48,16,50,2,100,"Post_Experiment",36.6666666666667
"4741",474,"C","C10",50,53,35,49,46,59,100,"Post_Experiment",48.6666666666667
"4751",475,"C","C5",30,47,14,6,48,43,100,"Post_Experiment",31.3333333333333
"4761",476,"C","C2",54,89,31,41,49,53,100,"Post_Experiment",52.8333333333333
"4771",477,"C","C3",66,49,39,44,38,47,100,"Post_Experiment",47.1666666666667
"4781",478,"C","C9",73,88,17,52,6,6,100,"Post_Experiment",40.3333333333333
"4791",479,"C","C4",58,62,59,50,64,60,100,"Post_Experiment",58.8333333333333
"4801",480,"C","C1",73,72,59,32,47,61,100,"Post_Experiment",57.3333333333333
"4811",481,"C","C7",74,76,27,59,55,50,100,"Post_Experiment",56.8333333333333
"4821",482,"C","C6",81,84,16,54,9,100,100,"Post_Experiment",57.3333333333333
"4831",483,"C","5",56,53,49,2,54,57,100,"Post_Experiment",45.1666666666667
"4841",484,"C","2",55,51,54,25,50,33,100,"Post_Experiment",44.6666666666667
"4851",485,"C","1",63,57,50,29,48,43,100,"Post_Experiment",48.3333333333333
"4861",486,"C","3",66,55,14,8,8,12,100,"Post_Experiment",27.1666666666667
"4871",487,"C","7",100,100,48,52,7,54,100,"Post_Experiment",60.1666666666667
"4881",488,"S","7",51,73,61,50,48,62,100,"Post_Experiment",57.5
"4891",489,"S","3",83,83,53,55,69,35,100,"Post_Experiment",63
"4901",490,"S","1",54,54,42,49,48,56,100,"Post_Experiment",50.5
"4911",491,"S","8",68,62,84,71,73,50,100,"Post_Experiment",68
"4921",492,"S","5",100,100,73,48,80,51,100,"Post_Experiment",75.3333333333333
"4931",493,"S","9",78,100,84,92,85,47,100,"Post_Experiment",81
"4941",494,"C","7",76,100,73,49,67,66,100,"Post_Experiment",71.8333333333333
"4951",495,"C","4",70,68,77,36,69,48,100,"Post_Experiment",61.3333333333333
"4961",496,"C","1",52,72,52,51,52,41,100,"Post_Experiment",53.3333333333333
"4971",497,"C","6",77,100,70,100,58,81,100,"Post_Experiment",81
"4981",498,"C","2",70,52,72,65,54,64,100,"Post_Experiment",62.8333333333333
"5001",500,"C","05",68,68,57,48,51,38,100,"Post_Experiment",55
"5011",501,"C","10",32,3,6,4,6,6,100,"Post_Experiment",9.5
"5021",502,"C","08",76,73,62,44,51,8,50,"Post_Experiment",52.3333333333333
"5041",504,"C","07",83,90,89,54,44,65,100,"Post_Experiment",70.8333333333333
"5051",505,"C","03",100,100,100,49,49,48,100,"Post_Experiment",74.3333333333333
"5061",506,"C","09",84,83,75,59,73,80,99,"Post_Experiment",75.6666666666667
"5071",507,"C","01",47,54,41,47,56,30,98,"Post_Experiment",45.8333333333333
"5081",508,"S","5",34,66,47,11,29,24,100,"Post_Experiment",35.1666666666667
"5091",509,"S","8",16,13,15,16,14,16,100,"Post_Experiment",15
"5101",510,"S","4",87,89,4,9,4,4,100,"Post_Experiment",32.8333333333333
"5111",511,"S","1",48,66,69,39,69,49,100,"Post_Experiment",56.6666666666667
"5121",512,"S","2",82,86,51,29,20,89,100,"Post_Experiment",59.5
"5131",513,"S","7",52,19,20,18,18,19,100,"Post_Experiment",24.3333333333333
"5141",514,"S","6",29,47,14,2,12,16,100,"Post_Experiment",20
"5151",515,"S","3",44,72,55,9,14,43,100,"Post_Experiment",39.5
"5161",516,"R","9",100,100,14,27,25,24,100,"Post_Experiment",48.3333333333333
"5171",517,"R","4",8,26,14,5,28,24,100,"Post_Experiment",17.5
"5181",518,"R","3",21,55,13,6,12,43,100,"Post_Experiment",25
"5191",519,"R","8",52,73,54,26,54,51,96,"Post_Experiment",51.6666666666667
"5201",520,"R","5",34,47,0,9,6,63,100,"Post_Experiment",26.5
"5211",521,"R","2",11,10,7,4,4,9,100,"Post_Experiment",7.5
"5221",522,"R","7",28,36,29,23,26,33,100,"Post_Experiment",29.1666666666667
"5231",523,"R","6",40,49,46,33,54,50,100,"Post_Experiment",45.3333333333333
"5241",524,"R","1",64,61,52,11,14,48,100,"Post_Experiment",41.6666666666667
"5251",525,"R","7",50,73,51,51,52,15,100,"Post_Experiment",48.6666666666667
"5261",526,"R","6",75,95,100,48,40,0,100,"Post_Experiment",59.6666666666667
"5271",527,"R","8",58,90,97,66,53,53,100,"Post_Experiment",69.5
"5281",528,"R","10",55,80,71,13,52,31,100,"Post_Experiment",50.3333333333333
"5291",529,"R","9",82,61,52,52,50,51,100,"Post_Experiment",58
"5301",530,"R","3",100,100,99,70,81,42,100,"Post_Experiment",82
"5311",531,"C","3",75,19,81,29,77,37,100,"Post_Experiment",53
"5321",532,"C","2",35,16,79,12,53,39,100,"Post_Experiment",39
"5331",533,"C","5",60,32,81,11,22,11,100,"Post_Experiment",36.1666666666667
"5341",534,"C","4",33,38,32,21,22,20,100,"Post_Experiment",27.6666666666667
"5351",535,"C","6",65,43,27,17,29,29,100,"Post_Experiment",35
"5361",536,"C","1",100,13,2,3,0,8,100,"Post_Experiment",21
"5371",537,"C","4",53,8,59,7,51,35,100,"Post_Experiment",35.5
"5381",538,"C","2",96,31,66,38,72,50,98,"Post_Experiment",58.8333333333333
"5391",539,"C","8",5,6,2,2,4,7,100,"Post_Experiment",4.33333333333333
"5401",540,"C","10",7,22,7,5,3,4,99,"Post_Experiment",8
"5411",541,"C","5",43,74,27,23,28,51,100,"Post_Experiment",41
"5421",542,"C","9",70,68,66,56,65,71,100,"Post_Experiment",66
"5431",543,"C","6",48,34,45,5,37,43,100,"Post_Experiment",35.3333333333333
"5441",544,"C","1",5,5,7,10,5,9,100,"Post_Experiment",6.83333333333333
"5451",545,"C","7",73,58,93,39,72,68,100,"Post_Experiment",67.1666666666667
"5461",546,"C","3",100,100,100,100,91,100,100,"Post_Experiment",98.5
"5471",547,"S","12",20,22,39,88,14,52,91,"Post_Experiment",39.1666666666667
"5481",548,"S","20",49,52,49,48,49,43,100,"Post_Experiment",48.3333333333333
"5491",549,"S","15",37,34,52,43,57,64,100,"Post_Experiment",47.8333333333333
"5501",550,"S","17",87,83,51,90,55,88,100,"Post_Experiment",75.6666666666667
"5511",551,"S","19",77,80,80,51,13,77,100,"Post_Experiment",63
"5531",553,"S","11",48,48,47,36,22,9,100,"Post_Experiment",35
"5541",554,"S","13",9,32,10,3,8,36,100,"Post_Experiment",16.3333333333333
"5551",555,"S","14",84,100,62,51,55,73,100,"Post_Experiment",70.8333333333333
"5561",556,"S","18",77,82,77,81,61,74,100,"Post_Experiment",75.3333333333333
"5571",557,"R","21",42,51,39,47,46,49,100,"Post_Experiment",45.6666666666667
"5581",558,"R","24",58,56,15,35,32,30,100,"Post_Experiment",37.6666666666667
"5591",559,"R","22",82,96,69,50,54,75,100,"Post_Experiment",71
"5601",560,"R","28",88,91,9,11,6,10,92,"Post_Experiment",35.8333333333333
"5611",561,"R","27",47,59,31,38,39,36,100,"Post_Experiment",41.6666666666667
"5621",562,"R","25",18,17,20,16,15,16,100,"Post_Experiment",17
"5631",563,"R","23",35,48,20,11,42,48,100,"Post_Experiment",34
"5641",564,"R","30",49,49,72,39,52,51,100,"Post_Experiment",52
"5651",565,"R","29",18,25,26,10,23,42,100,"Post_Experiment",24
"5671",567,"R","5",44,75,67,12,100,100,100,"Post_Experiment",66.3333333333333
"5681",568,"R","3",42,80,40,23,33,66,85,"Post_Experiment",47.3333333333333
"5691",569,"R","2",59,42,59,33,53,34,100,"Post_Experiment",46.6666666666667
"5701",570,"R","9",48,56,28,49,49,32,100,"Post_Experiment",43.6666666666667
"5711",571,"R","4",52,50,49,49,51,51,100,"Post_Experiment",50.3333333333333
"5721",572,"R","7",47,61,19,49,42,49,100,"Post_Experiment",44.5
"5731",573,"C","6",12,16,37,0,17,11,100,"Post_Experiment",15.5
"5741",574,"C","7",100,100,100,100,100,50,100,"Post_Experiment",91.6666666666667
"5751",575,"C","5",64,65,60,63,64,29,100,"Post_Experiment",57.5
"5761",576,"C","4",54,40,7,18,75,63,100,"Post_Experiment",42.8333333333333
"5771",577,"C","10",25,25,34,4,21,35,100,"Post_Experiment",24
"5781",578,"C","9",23,61,14,3,4,5,100,"Post_Experiment",18.3333333333333
"5791",579,"C","1",71,50,74,26,49,35,100,"Post_Experiment",50.8333333333333
"5801",580,"C","2",66,0,51,0,49,0,100,"Post_Experiment",27.6666666666667
"5811",581,"S","8",65,33,29,60,66,31,100,"Post_Experiment",47.3333333333333
"5821",582,"S","10",45,41,24,13,24,45,100,"Post_Experiment",32
"5831",583,"S","6",45,39,31,38,41,46,100,"Post_Experiment",40
"5841",584,"S","9",74,49,39,53,78,49,100,"Post_Experiment",57
"5851",585,"S","1",20,21,18,18,22,26,100,"Post_Experiment",20.8333333333333
"5861",586,"S","3",44,41,38,39,60,40,100,"Post_Experiment",43.6666666666667
"5871",587,"S","2",64,51,55,51,50,43,100,"Post_Experiment",52.3333333333333
"5881",588,"S","3",57,94,73,66,74,65,100,"Post_Experiment",71.5
"5891",589,"S","5",66,54,52,57,52,49,100,"Post_Experiment",55
"5901",590,"C","1",82,72,71,55,63,59,100,"Post_Experiment",67
"5911",591,"C","4",100,74,77,52,65,91,100,"Post_Experiment",76.5
"5921",592,"C","3",33,16,93,3,7,7,100,"Post_Experiment",26.5
"5931",593,"C","2",38,47,25,32,39,33,100,"Post_Experiment",35.6666666666667
"5941",594,"C","C5",83,77,57,73,67,60,100,"Post_Experiment",69.5
"5961",596,"C","C7",73,45,93,11,47,49,100,"Post_Experiment",53
"5981",598,"C","C8",50,100,91,33,71,64,100,"Post_Experiment",68.1666666666667
"5991",599,"C","C1",16,16,7,8,9,35,100,"Post_Experiment",15.1666666666667
"6001",600,"C","C2",100,26,25,44,24,50,100,"Post_Experiment",44.8333333333333
"6021",602,"C","C9",100,100,77,73,75,50,100,"Post_Experiment",79.1666666666667
"6031",603,"R","R9",29,25,21,27,12,26,100,"Post_Experiment",23.3333333333333
"6041",604,"R","R1",81,71,74,70,71,58,100,"Post_Experiment",70.8333333333333
"6051",605,"R","R6",100,84,60,77,51,58,100,"Post_Experiment",71.6666666666667
"6061",606,"R","R2",62,72,56,62,50,50,100,"Post_Experiment",58.6666666666667
"6071",607,"R","R10",10,8,33,12,8,16,100,"Post_Experiment",14.5
"6081",608,"R","R4",61,97,94,55,27,46,100,"Post_Experiment",63.3333333333333
"6091",609,"S","S6",43,55,49,41,49,38,100,"Post_Experiment",45.8333333333333
"6101",610,"S","S8",73,88,53,51,29,33,100,"Post_Experiment",54.5
"6111",611,"S","S9",88,67,57,51,49,14,100,"Post_Experiment",54.3333333333333
"6121",612,"S","S5",77,89,56,60,50,51,100,"Post_Experiment",63.8333333333333
"6131",613,"S","S2",48,59,49,42,44,51,100,"Post_Experiment",48.8333333333333
"6141",614,"S","S7",48,38,66,27,29,33,100,"Post_Experiment",40.1666666666667
"6151",615,"S","S10",45,79,35,59,63,38,100,"Post_Experiment",53.1666666666667
"6161",616,"S","S3",50,72,15,51,26,50,100,"Post_Experiment",44
"6171",617,"S","S1",66,84,84,78,76,63,100,"Post_Experiment",75.1666666666667
"6181",618,"R","R3",37,32,43,26,15,53,100,"Post_Experiment",34.3333333333333
"6191",619,"R","R8",61,50,17,34,17,52,100,"Post_Experiment",38.5
"6201",620,"R","R7",67,48,61,63,62,52,100,"Post_Experiment",58.8333333333333
"6211",621,"R","R1",71,77,67,42,36,50,100,"Post_Experiment",57.1666666666667
"6221",622,"R","R5",68,29,20,28,52,28,100,"Post_Experiment",37.5
"6231",623,"R","R9",50,69,52,67,54,52,100,"Post_Experiment",57.3333333333333
"6241",624,"R","R6",50,62,0,0,0,0,100,"Post_Experiment",18.6666666666667
"6251",625,"R","R4",93,100,96,76,91,77,100,"Post_Experiment",88.8333333333333
"6261",626,"R","R2",63,51,72,49,54,54,100,"Post_Experiment",57.1666666666667
"6271",627,"C","C1",68,100,37,71,65,32,100,"Post_Experiment",62.1666666666667
"6281",628,"C","C7",98,39,58,41,46,29,100,"Post_Experiment",51.8333333333333
"6301",630,"C","C8",42,39,42,21,66,32,100,"Post_Experiment",40.3333333333333
"6311",631,"C","c9",61,74,38,32,35,44,100,"Post_Experiment",47.3333333333333
"6331",633,"C","C2",44,18,16,27,34,35,100,"Post_Experiment",29
"6341",634,"C","C5",63,75,20,70,31,46,100,"Post_Experiment",50.8333333333333
"6351",635,"C","C3",71,72,33,65,43,61,100,"Post_Experiment",57.5
"6361",636,"S","S4",69,57,61,42,39,58,100,"Post_Experiment",54.3333333333333
"6371",637,"S","7",33,29,18,5,15,24,100,"Post_Experiment",20.6666666666667
"6381",638,"S","S5",62,81,100,59,41,54,100,"Post_Experiment",66.1666666666667
"6391",639,"S","S6",7,16,86,14,17,8,100,"Post_Experiment",24.6666666666667
"6401",640,"S","S9",64,90,58,95,71,71,100,"Post_Experiment",74.8333333333333
"6411",641,"S","2",0,11,75,0,0,16,100,"Post_Experiment",17
"6421",642,"S","S1",84,77,73,79,72,81,100,"Post_Experiment",77.6666666666667
"6431",643,"S","S3",49,58,65,29,42,51,100,"Post_Experiment",49
"6441",644,"S","S10",0,50,0,18,0,23,100,"Post_Experiment",15.1666666666667
"6451",645,"S","8",80,76,50,85,73,44,100,"Post_Experiment",68
"6461",646,"S","7",100,100,33,24,40,31,89,"Post_Experiment",54.6666666666667
"6471",647,"S","2",28,32,33,24,5,24,100,"Post_Experiment",24.3333333333333
"6481",648,"S","0",100,100,100,17,17,100,100,"Post_Experiment",72.3333333333333
"6491",649,"S","4",68,95,68,74,64,54,100,"Post_Experiment",70.5
"6501",650,"S","5",21,3,0,2,0,0,100,"Post_Experiment",4.33333333333333
"6511",651,"S","1",55,77,24,37,40,62,100,"Post_Experiment",49.1666666666667
"6521",652,"S","3",85,98,38,62,63,100,100,"Post_Experiment",74.3333333333333
"6531",653,"S","8",71,64,2,10,4,5,100,"Post_Experiment",26
"6541",654,"R","15",11,80,43,64,50,50,100,"Post_Experiment",49.6666666666667
"6551",655,"R","14",100,85,74,100,100,87,100,"Post_Experiment",91
"6561",656,"R","10",50,74,69,62,32,50,100,"Post_Experiment",56.1666666666667
"6571",657,"R","16",69,50,38,47,33,51,100,"Post_Experiment",48
"6581",658,"R","11",51,61,35,34,33,50,100,"Post_Experiment",44
"6591",659,"R","13",19,4,3,4,2,11,100,"Post_Experiment",7.16666666666667
"6601",660,"R","9",100,100,64,81,79,61,100,"Post_Experiment",80.8333333333333
"6611",661,"C","24",44,42,8,23,43,28,100,"Post_Experiment",31.3333333333333
"6621",662,"C","23",33,57,29,53,36,47,100,"Post_Experiment",42.5
"6631",663,"C","25",49,45,22,29,28,27,100,"Post_Experiment",33.3333333333333
"6641",664,"C","22",85,84,52,63,61,71,100,"Post_Experiment",69.3333333333333
"6651",665,"C","20",91,96,45,95,52,53,92,"Post_Experiment",72
"6661",666,"C","18",59,58,3,51,53,24,52,"Post_Experiment",41.3333333333333
"6671",667,"C","19",100,98,10,48,46,51,100,"Post_Experiment",58.8333333333333
"6681",668,"C","17",69,88,28,20,40,52,100,"Post_Experiment",49.5
"6691",669,"R","01",72,100,42,17,49,27,100,"Post_Experiment",51.1666666666667
"6701",670,"R","09",59,67,48,46,49,29,100,"Post_Experiment",49.6666666666667
"6711",671,"R","02",50,66,33,30,21,27,100,"Post_Experiment",37.8333333333333
"6721",672,"R","05",49,75,47,49,48,8,100,"Post_Experiment",46
"6731",673,"R","08",56,56,29,26,23,36,100,"Post_Experiment",37.6666666666667
"6741",674,"R","04",75,89,76,71,64,73,100,"Post_Experiment",74.6666666666667
"6751",675,"R","07",44,53,66,67,51,70,55,"Post_Experiment",58.5
"6761",676,"S","07",16,79,36,16,29,29,100,"Post_Experiment",34.1666666666667
"6771",677,"S","05",12,91,41,14,48,54,100,"Post_Experiment",43.3333333333333
"6781",678,"S","08",50,65,48,21,47,9,100,"Post_Experiment",40
"6791",679,"S","04",78,85,58,52,52,55,98,"Post_Experiment",63.3333333333333
"6801",680,"S","02",49,67,56,49,61,52,100,"Post_Experiment",55.6666666666667
"6811",681,"S","09",85,86,47,32,31,33,100,"Post_Experiment",52.3333333333333
"6821",682,"S","06",29,32,64,47,52,52,100,"Post_Experiment",46
"6831",683,"S","01",74,71,57,49,50,46,100,"Post_Experiment",57.8333333333333
"6841",684,"S","03",77,74,55,48,74,75,100,"Post_Experiment",67.1666666666667
"6851",685,"C","06",41,26,25,12,11,13,100,"Post_Experiment",21.3333333333333
"6861",686,"C","03",75,78,82,75,80,33,100,"Post_Experiment",70.5
"6871",687,"C","02",19,36,26,21,45,22,100,"Post_Experiment",28.1666666666667
"6881",688,"C","05",30,34,7,9,17,34,100,"Post_Experiment",21.8333333333333
"6891",689,"C","10",32,56,58,21,47,22,100,"Post_Experiment",39.3333333333333
"6901",690,"C","01",48,44,28,29,40,28,100,"Post_Experiment",36.1666666666667
"6911",691,"C","08",64,49,51,38,41,33,81,"Post_Experiment",46
"6921",692,"C","09",74,64,59,50,58,49,100,"Post_Experiment",59
